,Date Played,Start Time,Players,Win/Fail,Win Time,Completion,Happy,May give 5 star review,Picture,Game master,Notes,
,8/3/2019,3:00 PM,12,F,,80,Y,Y,Y,Jack,,
,8/3/2019,11:00 AM,4,F,,70,Y,Y,Y,Jack,,
,8/2/2019,9:00 PM,4,F,,90,Y,Y,N,,,
,8/2/2019,7:00 PM,5,F,,85,Y,Y,N,Beri,,
,7/30/2019,7:00 PM,5,F,,90,Y,Y,N,Mat,,
,7/29/2019,5:00 PM,7,F,,90,Y,Y,Y,Cordelia/Mat,,
,7/28/2019,1:00 PM,6,W,58,100,Y,Y,Y,Mat,,
,7/27/2019,7:00 PM,5,W,55,100,Y,Y,Y,Mat,,
,7/27/2019,5:00 PM,12,F,,90,Y,Y,N,Mat,Picture on phone,
,7/27/2019,3:00 PM,4,F,,70,Y,Y,Y,Jack,,
,7/26/2019,5:00 PM,3,F,,50,Y,Y,Y,Nate/Mat,,
,7/25/2019,2:00 PM,2,F,,40,Y,Y,N,,,
,7/24/2019,7:00 PM,2,F,,80,Y,Y,Y,Jack,,
,7/21/2019,9:00 PM,8,W,45,100,Y,Y,Y,Jack,,
,7/21/2019,3:00 PM,4,F,,65,Y,Y,Y,Cordelia,,
,7/21/2019,11:00 AM,12,W,46,100,Y,Y,Y,Cordelia,,
,7/20/2019,9:00 PM,8,F,,99,Y,Y,N,Jack,picture on their phone,
,7/20/2019,7:00 PM,8,F,,70,Y,Y,Y,Jack,,
,7/20/2019,5:00 PM,4,F,,80,Y,Y,N,Jack/Mat,picture on their phone,
,7/20/2019,3:00 PM,9,F,,85,Y,Y,Y,Cordelia/Mat,,
,7/19/2019,1,4,F,,50,Y,Y,N,Nate,,
,7/17/2019,1:00 PM,9,W,,100,Y,Y,Y,Beri,,
,7/14/2019,7:00 PM,7,F,,90,Y,Y,Y,Cordelia,,
,7/14/2019,1:00 PM,5,W,59,100,Y,Y,N,Beri,,
,7/13/2019,9:00 PM,4,F,,80,Y,Y,N,Jack,,
,7/13/2019,7:00 PM,10,F,,70,Y,Y,Y,Jack,,
,7/13/2019,5:00 PM,11,F,,95,Y,Y,Y,Jack,,
,7/11/2019,5:00 PM,7,W,57,100,Y,Y,Y,Jack/Beri,,
,7/7/2019,9:00 PM,4,F,,90,Y,Y,Y,Emily,,
,7/7/2019,4:00 PM,2,F,,80,Y,Y,Y,Emily/Jack,,
,7/7/2019,11:00 AM,6,F,,80,Y,Y,Y,Emily,,
,7/6/2019,11:00 AM,9,F,,80,Y,Y,Y,Jack,,
,7/5/2019,5:00 PM,2,F,,85,Y,Y,Y,Cordelia/Emily,,
,6/30/2019,9:00 PM,6,F,,90,Y,Y,Y,Jack,,
,6/28/2019,7:00 PM,2,F,,60,Y,Y,Y,Emily,They Want to come back With a bigger group,
,6/26/2019,9:00 PM,8,W,54,100,Y,Y,Y,Emily,,
,6/26/2019,5:00 PM,12,W,42,100,Y,Y,Y,Emily,,
,6/26/2019,1:00 PM,12,W,37,100,y,y,y,Nate,,
,6/25/2019,1:00 PM,9,W,58,100,Y,Y,Y,Jack,,
,6/23/2019,7:00 PM,8,W,54,100,Y,Y,Y,Jack,,
,6/22/2019,9:00 PM,12,W,39,100,Y,Y,N,,,
,6/22/2019,3:00 PM,5,W,16,100,Y,Y,Y,Emily/Jack,,
,6/22/2019,1:00 PM,7,F,,99,Y,Y,Y,Emily/Jack,,
,6/21/2019,7:00 PM,11,W,57,100,Y,Y,Y,Emily,,
,6/19/2019,7:00 PM,5,W,50,100,Y,Y,Y,Emily, ,
,6/18/2019,9:00 PM,6,W,59,100,Y,Y,Y,Jack,,
,6/18/2019,7:00 PM,5,W,52,100,Y,Y,Y,Jack,,
,6/18/2019,2:30 PM,6,W,59,100,Y,Y,Y,,,
,6/16/2019,3:00 PM,4,W,59,100,Y,Y,Y,Emily,,
,6/15/2019,7:00 PM,3,F,,75,Y,Y,Y,Emily,,
,6/15/2019,3:00 PM,6,F,,95,Y,Y,Y,Emily,,
,6/14/2019,9:00 PM,4,F,,90,Y,Y,N,Ryan,,
,6/14/2019,7:00 PM,9,W,51,100,Y,Y,Y,Ryan,,
,6/14/2019,5:00 PM,2,F,,80,Y,Y,N,Emily/Ryan,,
,6/11/2019,7:00 PM,12,W,55,100,Y,Y,N,Jack,,
,6/11/2019,3:00 PM,2,F,,75,Y,Y,Y,Cordelia,,
,6/9/2019,1:00 PM,5,F,,65,Y,Y,Y,Cordelia,,
,6/8/2019,9:00 PM,4,F,,75,Y,Y,Y,Emily,,
,6/8/2019,5:00 PM,4,F,,80,Y,Y,Y,Emily,,
,6/8/2019,3:00 PM,7,F,,50,Y,Y,Y,Jack,,
,6/7/2019,7:00 PM,8,F,,80,Y,Y,Y,Jack,,
,6/7/2019,3:00 PM,4,F,,50,M,M,Y,Jack,,
,6/4/2019,7:00 PM,4,F,,90,Y,Y,N,Beri,,
,6/2/2019,3:00 PM,5,W,55,100,Y,Y,Y,Cordelia,,
,6/1/2019,9:00 PM,5,W,52,100,Y,Y,Y,Jack,,
,6/1/2019,5:00 PM,3,F,,40,Y,Y,Y,Jack,,
,5/26/2019,5:00 PM,5,F,,85,Y,Y,Y,Cordelia,,
,5/26/2019,3:00 PM,4,W,59,100,Y,Y,Y,Emily,,
,5/26/2019,1:00 PM,4,F,,85,Y,Y,Y,Emily,,
,5/25/2019,9:00 PM,2,F,,40,Y,Y,Y,Jack,,
,5/25/2019,7:00 PM,9,W,56,100,Y,Y,Y,Jack,,
,5/25/2019,5:00 PM,10,F,,95,Y,Y,Y,Jack,,
,5/25/2019,1:00 PM,4,F,,80,Y,Y,Y,Cordelia,,
,5/24/2019,1,9,F,,80,Y,Y,N,Nate,,
,5/21/2019,7:00,10,F,,90,Y,Y,Y,Jack,,
,5/19/2019,19:00,4,F,,30,Y,Y,N,Beri,,
,5/19/2019,17:00,12,F,,99,Y,Y,N,Beri,,
,5/18/2019,13:00,8,W,54,100,Y,Y,Y,Emily,,
,5/18/2019,11:00,5,F,,85,Y,Y,Y,Emily,,
,5/18/2019,19:00,4,F,,70,Y,Y,Y,Emily,,
,5/18/2019,17:00,8,W,55,100,Y,Y,Y,Emily,,
,5/18/2019,1:00,5,W,50,100,Y,Y,Y,Jack,,
,5/15/2019,2:00,7,W,60,100,Y,Y,Y,Cordelia,,
,5/12/2019,7:30,6,F,,90,Y,Y,Y,Cordelia,,
,5/12/2019,6:00,4,F,,80,Y,Y,Y,Cordelia,,
,5/11/2019,21:00,7,F,,70,Y,Y,Y,Emily,,
,5/11/2019,19:00,8,W,59,100,Y,Y,Y,Emily,,
,5/11/2019,17:00,10,F,,80,Y,Y,Y,Emily,,
,5/11/2019,1:00,2,F,,80,Y,Y,Y,Jack,,
,5/11/2019,11:00,5,F,,80,Y,Y,Y,Jack,,
,5/10/2019,5:00,5,W,47,100,Y,Y,Y,Cordelia/Jack,,
,5/8/2019,1:00,7,F,,80,Y,Y,Y,Cordelia,,
,5/7/2019,20:00,,,,,,,,,,
,5/7/2019,18:00,7,W,59,100,Y,Y,Y,Emily,,
,5/7/2019,15:00,8,F,,90,Y,Y,N,Nate,,
,5/4/2019,19:00,8,F,,85,Y,Y,Y,Emily,,
,5/3/2019,7:00,8,F,,95,Y,Y,Y,Jack,,
,5/2/2019,9:00,4,F,,50,Y,Y,Y,Jack,,
,5/2/2019,15:00,10,W,50,100,Y,Y,Y,Beri,,
,5/1/2019,21:00,8,W,57,100,Y,Y,N,Beri,,
,4/28/2019,5:00,5,W,55,100,Y,Y,Y,Cordelia,,
,4/27/2019,19:00,4,F,,80,Y,Y,Y,Emily,,
,4/27/2019,17:00,7,F,,70,Y,Y,N,Emily,,
,4/27/2019,3:00,13,W,53,100,Y,Y,Y,Jack,,
,4/26/2019,5:00,3,F,,40,Y,Y,Y,Jack,,
,4/26/2019,1:00,11,W,56,100,Y,Y,Y,Cordelia,,
,4/21/2019,3:00,5,W,52,100,Y,Y,Y,Cordelia,,
,4/20/2019,9:00,3,F,,65,Y,Y,Y,Cordelia,,
,4/20/2019,4:00,2,F,,55,y,y,y,Jack/Cordelia,,
,4/19/2019,13:00,10,F,,98,Y,Y,N,Beri,,
,4/18/2019,7:00,3,F,,80,Y,Y,Y,Jack,,
,4/16/2019,21:00,5,F,,80,Y,Y,Y,Emily,,
,4/16/2019,19:00,4,W,58,100,Y,Y,Y,Emily,,
,4/14/2019,7:00,5,F,,75,Y,Y,Y,Cordelia,,
,4/14/2019,15:00,4,F,,80,Y,Y,Y,Emily,,
,4/13/2019,7:00,4,F,,70,Y,Y,N,Beri,,
,4/13/2019,4:00,12,W,54,100,Y,Y,Y,Jack/Beri,,
,4/12/2019,21:00,3,F,,60,Y,Y,Y,Emily,,
,4/12/2019,19:00,9,W,59,100,Y,Y,Y,Emily,,
,4/10/2019,5:00,4,F,,50,Y,Y,Y,Jack,,
,4/7/2019,17:00,5,F,,75,Y,Y,Y,Beri,,
,4/7/2019,15:00,8,F,51,80,Y,Y,Y,Emily,,
,4/6/2019,5:00,4,F,,30,Y,Y,Y,Beri,,
,4/6/2019,3:00,8,W,59,100,Y,Y,Y,Jack,,
,4/5/2019,5:00,7,W,59,100,Y,Y,Y,Cordelia/Emily,,
,4/2/2019,21:00,9,W,55,100,Y,Y,Y,Emily,,
,3/30/2019,7:00,7,F,,80,Y,Y,Y,Beri,,
,3/30/2019,5:00,9,F,,35,Y,Y,N,Beri,,
,3/30/2019,3:00,7,F,,50,Y,Y,Y,Jack,,
,3/29/2019,21:00,4,F,,95,Y,Y,Y,Emily,,
,3/29/2019,19:00,8,W,57,100,Y,Y,Y,Emily,,
,3/29/2019,13:00,11,F,,70,Y,Y,Y,Nate,,
,3/28/2019,21:00,5,F,,80,Y,Y,Y,Jack,,
,3/27/2019,21:00,4,F,,60,Y,Y,Y,Jack,,
,3/26/2019,17:00,6,F,62,100,Y,Y,Y,Emily/Jack,Given extra 2 minutes to Finish,
,3/24/2019,15:00,12,F,,75,Y,Y,Y,Emily,,
,3/24/2019,13:00,9,F,,95,Y,Y,Y,Emily,,
,3/23/2019,21:00,2,F,,60,Y,Y,Y,Emily,,
,3/23/2019,19:00,5,F,,80,Y,Y,Y,Emily,,
,3/22/2019,19:00,10,W,55,100,Y,Y,Y,Emily,,
,3/22/2019,15:00,10,W,37,100,Y,Y,Y,Cordelia,,
,3/21/2019,21:00,7,W,45,100,Y,Y,Y,Cordelia,,
,3/21/2019,19:00,4,F,,95,Y,Y,Y,Cordelia,,
,3/21/2019,1:00,6,F,,80,Y,Y,Y,Jack,,
,3/20/2019,7:00,7,F,,70,Y,Y,Y,Jack,,
,3/17/2019,9:00,3,F,,40,Y,Y,Y,Jack,,
,3/17/2019,3:00,9,W,51,100,y,y,y,Cordelia,,
,3/15/2019,9:00,8,F,,90,Y,Y,Y,Jack,,
,3/15/2019,13:00,5,W,55,100,Y,Y,Y,Cordelia,,
,3/13/2019,7:00,3,F,,70,Y,Y,Y,Beri,,
,3/12/2019,1:00,7,W,55,100,Y,Y,Y,Jack,,
,3/9/2019,21:00,6,W,58,100,Y,Y,Y,Emily,,
,3/9/2019,19:00,8,F,,80,Y,Y,Y,Beri/Emily,,
,3/9/2019,17:00,6,F,,60,Y,Y,N,Emily/Beri,,
,3/2/2019,21:00,2,F,,70,Y,Y,Y,Emily,,
,3/2/2019,19:00,7,F,,75,Y,Y,Y,Emily/Beri,,
,3/2/2019,1:00,7,F,,80,Y,Y,Y,Jack/Beri,,
,3/1/2019,9:00,6,F,,70,Y,Y,Y,Jack,,
,2/26/2019,19:00,9,W,46,100,Y,Y,Y,,,
,2/24/2019,19:00,4,F,,50,Y,Y,Y,Nate,,
,2/23/2019,19:00,6,W,55,100,Y,Y,Y,Emily/Beri,,
,2/23/2019,5:00,7,F,,80,Y,Y,Y,Beri/Emily,,
,2/23/2019,3:00,12,F,,60,Y,Y,N,Jack/Beri,,
,2/23/2019,1:00,4,F,,50,Y,Y,Y,Jack/Beri,,
,2/23/2019,11:00,10,W,56,100,Y,Y,Y,Jack,,
,2/22/2019,17:00,8,W,49,100,Y,Y,,Cordelia/Jack,,
,2/21/2019,5:00,8,W,59,100,Y,Y,Y,Jack/Ryan,,
,2/21/2019,1:00,7,F,,95,Y,Y,Y,Jack,,
,2/19/2019,7:00,7,F,,98,Y,Y,Y,Beri,,
,2/17/2019,7:00,7,F,,60,y,y,y,nate,,
,2/16/2019,19:00,5,F,,95,Y,Y,Y,Emily,,
,2/16/2019,5:00 PM,7,W,59,100,Y,Y,Y,Emily,,
,2/16/2019,3:00,4,W,38,100,Y,Y,Y,Jack,,
,2/16/2019,1:00,7,W,41,100,Y,Y,Y,Jack,,
,2/15/2019,9:00,7,F,,70,Y,Y,N,Jack,,
,2/7/2019,21:00,8,W,44,100,Y,Y,Y,Cordelia,,
,2/7/2019,1:00,10,F,,75,Y,Y,Y,Jack,,
,2/3/2019,15:00,4,F,,75,Y,Y,Y,Emily,,
,2/2/2019,7:00,5,W,30,100,Y,Y,Y,Beri/Jack,,
,2/2/2019,5:00,5,F,,85,Y,Y,Y,Beri/Jack,,
,2/2/2019,3:00,4,F,,80,Y,Y,N,Beri,reFused picture,
,2/1/2019,21:00,5,F,,85,Y,Y,Y,Jack,,
,1/31/2019,17:00,10,F,,85,Y,Y,Y,Jack,,
,1/29/2019,7:00,5,F,,60,Y,Y,Y,Beri,,
,1/29/2019,13:00,5,W,50,100,Y,Y,Y,Jack,,
,1/27/2019,19:00,8,W,56,100,Y,Y,Y,Cordelia,,
,1/26/2019,17:00,5,F,,85,Y,Y,Y,Beri/Emily,,
,1/26/2019,15:00,8,W,41,100,Y,Y,Y,Beri/Emily,,
,1/26/2019,11:00,2,F,,30,Y,Y,N,Jack,,
,1/25/2019,3:00 PM,10,W,54,100,Y,Y,Y,Cordelia,,
,1/22/2019,6:00 PM,6,W,54,100,Y,Y,Y,Beri,,
,1/20/2019,7:00 PM,4,F,,60,y,y,y,nate,,
,1/19/2019,1:00 PM,8,F,,80,Y,Y,Y,Emily,,
,1/19/2019,9:00 PM,8,F,,95,Y,Y,Y,Emily,,
,1/19/2019,7:00 PM,4,F,,95,Y,Y,Y,Emily/Beri,,
,1/19/2019,5:00 PM,5,F,,20,Y,Y,Y,Beri,,
,1/19/2019,3:00 PM,5,F,,70,Y,Y,Y,Jack,,
,1/17/2019,7:00 PM,9,F,,95,Y,Y,Y,Emily,Failed at bomb,
,1/17/2019,9:00 PM,4,F,,90,Y,Y,Y,Jack,,
,1/13/2019,7:00 PM,5,F,,80,y,y,n,nate,,
,1/12/2019,9:00 PM,10,F,,85,Y,Y,Y,Emily,,
,1/12/2019,7:00 PM,6,F,55,95,Y,Y,Y,Emily/Beri,Failed at bomb,
,1/12/2019,5:00 PM,3,W,58,100,Y,Y,Y,Emily/Beri,,
,1/12/2019,3:00 PM,6,F,,80,Y,Y,Y,Jack/Beri,,
,1/11/2019,9:00 PM,6,F,,60,M,M,Y,Jack,,
,1/11/2019,7:00 PM,7,F,,60,Y,Y,Y,Jack,,
,1/9/2019,3:00 PM,10,W,58,100,Y,Y,Y,Emily,,
,1/8/2019,1:00 PM,6,F,,40,Y,Y,Y,Jack,,
,1/6/2019,5:00 AM,8,F,,95,Y,Y,Y,Nate,,
,1/6/2019,3:00 PM,6,F,60,95,Y,Y,Y,Ryan,,
,1/5/2019,7:00 PM,7,W,53,100,Y,Y,Y,Emily,,
,1/5/2019,5:00 PM,9,W,39,100,Y,Y,Y,Emily,,
,1/5/2019,3:00 PM,3,F,,30,Y,Y,Y,Jack,,
,1/5/2019,1:00 PM,10,F,,90,Y,Y,Y,Jack,,
,1/4/2019,9:00 PM,5,F,,80,Y,Y,Y,Jack,,
,1/4/2019,7:00 PM,6,W,46,100,Y,Y,Y,Jack,,
,1/4/2019,5:00 PM,2,F,,85,Y,Y,Y,Cordelia/Jack,,
,1/4/2019,3:00 PM,5,F,,90,Y,Y,Y,Cordelia,,
,1/3/2019,9:00 PM,4,F,,95,Y,Y,Y,,,
,1/3/2019,7:00 PM,6,F,,70,Y,Y,Y,Jack,,
,1/3/2019,3:00 PM,5,F,60,85,Y,Y,Y,Ryan,,
,1/2/2019,7:00 PM,5,W,50,100,Y,Y,Y,Emily,,
,1/2/2019,5:00 PM,2,F,,30,Y,Y,N,Cordelia/Emily,,
,1/2/2019,1:00 PM,3,F,,80,Y,Y,N,Cordelia,,
,12/30,9:00 PM,4,F,,75,y,y,n,nate,,
,12/30,7:00 PM,5,F,,80,y,y,n,nate,,
,12/30,11:00 AM,6,F,60,98,Y,M,Y,Ryan,,
,12/29,7:00 PM,4,F,,75,Y,Y,N,Emily,,
,12/29,3:00 PM,7,F,,90,Y,Y,Y,Emily,,
,12/29,1:00 PM,4,F,,80,Y,Y,N,Emily,,
,12/28,9:00 PM,4,F,60,85,Y,Y,Y,Ryan,,
,12/28,7:00 PM,12,F,60,90,Y,Y,Y,Ryan,,
,12/28,3:00 PM,8,F,,100,Y,Y,Y,Emily,"Died @ bomb, but all puzzles completed",
,12/28,1:00 PM,4,W,54,100,Y,Y,Y,Emily,2nd attempt on bounes group,
,12/27,7:00 PM,6,F,,90,Y,Y,N,Emily,,
,12/27,3:00 PM,5,F,,90,Y,Y,Y,Emily,,
,12/27,1:00 PM,11,F,,90,Y,Y,Y,Emily,,
,12/26,5:00 PM,6,F,,80,Y,Y,Y,Emily,,
,12/26,3:00 PM,4,F,,70,Y,Y,Y,Emily,,
,12/23,7:00 PM,11,W,51,100,Y,Y,Y,Emily,,
,12/23,3:00 PM,5,W,49,100,Y,Y,Y,Emily,,
,12/22,7:00 PM,11,W,55,100,Y,Y,Y,Emily,,
,12/22,3:00 PM,7,W,45,100,Y,Y,Y,Emily,,
,12/22,1:00 PM,11,W,55,100,Y,Y,Y,Emily,,
,12/22,11:00 AM,10,W,51,100,Y,Y,Y,Emily,,
,12/21,7:00 PM,9,W,57,100,Y,Y,Y,Emily,,
,12/21,5:00 PM,5,F,,70,Y,Y,Y,Emily,,
,12/21,1:00 PM,10,F,,90,Y,Y,Y,Emily,,
,12/19,3:00 PM,4,F,,60,Y,Y,N,Emily,Interested in coming back For second attempt,
,12/18,7:00 PM,5,F,,80,Y,Y,Y,Jack,Projector not on When they entered study,
,12/18,5:00 PM,5,F,,40,Y,Y,Y,Emily/Jack,,
,12/18,3:00 PM,4,F,,80,Y,Y,Y,Emily,,
,12/18,1:00 PM,6,F,,70,Y,Y,Y,Emily,,
,12/16,7:00 PM,4,F,,75,Y,Y,Y,Nate,,
,12/16,5:00 PM,10,F,,70,y,Y,Y,Nate,,
,12/15,9:00 PM,5,F,,70,Y,Y,N,Cordelia,,
,12/15,1:00 PM,4,F,,30,Y,N,Y,Jack,,
,12/15,11:00 AM,6,W,59,100,Y,Y,Y,Jack,,
,12/14,9:00 PM,4,F,,90,Y,Y,Y,Jack,,
,12/14,2:00 PM,11,W,59,100,Y,Y,Y,Cordelia,,
,12/13,5:00 PM,6,F,,90,Y,Y,Y,Ryan/Jack,,
,12/13,3:00 PM,7,W,58,100,Y,Y,Y,Ryan,,
,12/13,1:00 PM,8,W,59,100,Y,Y,N,Ryan,,
,12/12,1:00 PM,9,W,55,100,Y,Y,Y,Cordelia,,
,12/8,7:00 PM,10,F,,85,Y,Y,Y,,,
,12/8,4:00 PM,13,F,,80,Y,Y,Y,Jack/Cordelia,,
,12/8,1:00 PM,6,F,,50,Y,Y,Y,Jack,,
,12/7,3:00 PM,6,F,,96,Y,Y,Y,Cordelia,,
,12/4,1:00 PM,8,F,,95,Y,Y,Y,Emily,,
,12/1,7:00 PM,12,F,,80,Y,Y,Y,Emily,,
,12/1,9:00 PM,6,W,50,100,Y,Y,Y,Emily,,
,12/1,3:00 PM,6,F,,60,Y,Y,Y,Jack,,
,11/30,9:00 PM,4,F,,80,Y,Y,Y,Jack,,
,11/30,7:00 PM,6,F,,90,Y,Y,Y,Jack,,
,11/30,5:00 PM,4,F,,30,Y,Y,Y,Cordelia/Jack,,
,11/29,7:00 PM,9,F,,70,Y,Y,Y,Jack,,
,11/27,2:00 PM,11,F,,80,,,,Emily,,
,11/25,7:00 PM,3,F,,50,Y,Y,N,Nate,,
,11/25,3:00 PM,10,F,,85,Y,Y,Y,Emily,,
,11/25,1:00 PM,4,F,,65,Y,Y,Y,Emily,,
,11/24,7:00 PM,8,F,,95,Y,Y,N,Ryan,,
,11/24,5:00 PM,8,F,,90,Y,Y,Y,Ryan,,
,11/24,1:00 PM,12,F,,90,Y,Y,N,Emily,,
,11/21,7:00 PM,4,F,,50,Y,Y,N,Cordelia,,
,11/21,3:00 PM,8,,,,,,,Emily,,
,11/20,5:00 PM,10,F,,95,Y,Y,Y,Jack,,
,11/20,1:00 PM,11,F,,60,Y,Y,N,Emily,"group oF 10 year olds, please don't say yes When people ask to bring a group oF 10 year olds",
,11/18,5:00 PM,6,F,,30,Y,Y,Y,Nate,,
,11/17,9:00 PM,4,F,,95,Y,Y,Y,Emily,,
,11/17,7:00 PM,8,F,,95,Y,Y,Y,Emily,,
,11/17,5:00 PM,8,W,40,100,Y,Y,Y,Emily,,
,11/17,3:00 PM,6,W,54,100,Y,Y,Y,Jack,,
,11/17,1:00 PM,12,W,,80,Y,Y,Y,Jack,got out With only 2 keys,
,11/16,9:00 PM,5,F,,90,Y,Y,Y,Jack,,
,11/16,7:00 PM,5,W,50,100,Y,Y,Y,Jack,,
,11/16,5:00 PM,4,F,,30,Y,Y,Y,Cordelia/Jack,,
,11/15,9:00 PM,10,10,51,100,Y,Y,Y,Jack,,
,11/15,6:00 PM,6,F,,80,Y,Y,Y,Jack,,
,11/14,3:00 PM,12,F,,95,Y,Y,Y,Emily,,
,11/11,5:00 PM,12,W,40,100,y,y,y,Nate,,
,11/11,3:00 PM,7,W,56,100,Y,Y,Y,Ryan,,
,11/10,9:00 PM,10,F,,90,Y,Y,N,Emily,,
,11/10,7:00 PM,10,F,,70,Y,Y,Y,Emily,,
,11/10,5:00 PM,5,F,,70,Y,Y,Y,Emily,,
,11/10,3:00 PM,5,F,,80,Y,Y,Y,Jack,,
,11/10,11:00 PM,4,F,,50,Y,Y,Y,Jack,,
,11/9,8:00 PM,11,F,,80,Y,Y,Y,Jack,,
,11/4,9:00 PM,7,F,,70,Y,Y,Y,Jack,,
,11/4,7:00 PM,5,F,,80,Y,Y,Y,Jack,,
,11/4,3:00 PM,7,W,50,100,Y,Y,Y,Emily,,
,11/3,9:00 PM,12,W,34,100,Y,Y,Y,Emily,,
,11/3,7:00 PM,4,F,,70,Y,Y,Y,Emily,,
,11/3,5:00 PM,9,W,46,100,Y,Y,Y,Emily,,
,11/3,3:00 PM,5,F,,80,Y,Y,N,Cordelia,,
,11/2,8:00 PM,10,F,,85,Y,Y,Y,Cordelia,,
,11/2,1:00 PM,8,F,,80,Y,Y,Y,Jack,,
,10/30,7:00 PM,7,F,,90,Y,Y,Y,Jack,,
,10/28,1:00 PM,5,W,57,100,Y,Y,Y,Ryan,,
,10/28,11:00 AM,5,W,58,100,Y,Y,Y,Ryan,,
,10/27,9:00 PM,4,F,,75,Y,Y,Y,Emily,,
,10/27,7:00 PM,6,F,,90,M,M,N,Emily,Died at bomb,
,10/27,5:00 PM,8,F,,85,Y,Y,Y,Emily/Jack,Photo on their phone only since it Was a group oF kids,
,10/27,3:00 PM,5,F,,60,Y,Y,Y,Jack,,
,10/27,1:00 PM,6,F,,95,Y,Y,Y,Jack,,
,10/26,12:00 PM,8,F,,85,Y,Y,Y,Ryan/Cordelia ,Picture Was on there phone,
,10/24,5:00 PM,10,W,51,100,Y,Y,Y,Emily/Cordelia,,
,10/23,9:00 PM,8,W,57,100,Y,Y,Y,Jack,,
,10/21,7:00 PM,3,F,,70,Y,Y,Y,Jack,,
,10/21,3:00 PM,7,F,,90,Y,Y,Y,Cordelia,,
,10/20,9:00 PM,5,W,56,100,Y,Y,Y,Emily,,
,10/20,7:00 PM,5,W,59,100,Y,Y,Y,Emily,,
,10/20,5:00 PM,7,F,,90,Y,Y,Y,Emily,,
,10/20,3:00 PM,4,W,48,100,Y,Y,Y,Jack,,
,10/19,9:00 PM,11,W,49,100,Y,Y,Y,Emily,,
,10/19,7:00 PM,8,W,59,100,Y,Y,Y,Emily,,
,10/18,3:00 PM,8,W,56,100,Y,Y,Y,Ryan,,
,10/14,9:00 PM,4,F,,90,Y,Y,Y,Jack,,
,10/14,3:00 PM,4,F,60,80,Y,Y,Y,Ryan,,
,10/13,9:00 PM,7,F,,80,Y,Y,Y,Jack,,
,10/13,7:00 PM,6,W,60,100,Y,Y,Y,Jack,,
,10/13,5:00 PM,5,W,47,100,Y,Y,Y,Jack,,
,10/13,3:00 PM,5,F,,60,y,y,y,Cordelia,,
,10/12,7:00 PM,5,F,60,80,Y,Y,Y,Ryan,,
,10/10,2:00 PM,5,W,55,100,Y,Y,Y,Emily,,
,10/6,9:00 PM,8,F,,40,M,M,Y,Jack,,
,10/6,1:00 PM,4,W,40,100,Y,Y,Y,Cordelia/Emily,,
,10/4,7:00 PM,6,W,54,100,Y,Y,Y,Jack,,
,10/3,5:00 PM,2,F,60,70,Y,Y,N,Ryan,,
,9/30,6:00 PM,10,F,,50,Y,Y,Y,Jack,,
,9/29,7:00 PM,4,F,,50,Y,Y,N,Cordelia,,
,9/29,1:00 PM,5,F,,80,Y,Y,Y,Jack,,
,9/27,9:00 PM,3,F,,60,M,N,N,Jack,,
,9/23,5:00 PM,4,F,,60,Y,Y,Y,Jack,,
,9/22,7:00 PM,6,F,60,95,Y,Y,Y,Ryan,,
,9/22,5:00 PM,8,F,60,90,Y,Y,Y,Ryan,,
,9/22,3:00 PM,6,F,,50,Y,Y,Y,Jack,,
,9/21,9:00 PM,2,W,55,100,Y,Y,Y,Jack,,
,9/21,3:00 PM,10,W,42,100,Y,Y,Y,Cordelia ,,
,9/21,1:00 PM,8,W,43,100,Y,Y,Y,Cordelia,,
,9/20,7:00 PM,12,F,,75,Y,Y,Y,Jack,,
,9/19,7:00 PM,4,F,,50,Y,Y,N,Jack,,
,9/19,1:00 PM,9,W,50,100,Y,Y,Y,Cordelia,,
,9/18,7:00 PM,6,F,,90,Y,Y,Y,Jack,,
,9/18,3:00 PM,9,W,60,100,Y,Y,Y,Cordelia,,
,9/16,5:00 PM,4,F,,40,Y,Y,Y,Jack,,
,9/16,3:00 PM,9,W,54,100,Y,Y,Y,Emily,,
,9/16,1:00 PM,8,W,55,100,Y,Y,Y,Emily,,
,9/15,7:00 PM,4,F,,75,Y,Y,Y,Emily/Ryan,,
,9/15,3:00 PM,8,W,55,100,Y,Y,Y,Cordelia,,
,9/15,1:00 PM,2,F,,45,Y,Y,Y,Cordelia,,
,9/14,9:00 PM,5,F,,80,Y,Y,N,Emily,Picture just on their phone,
,9/14,5:00 PM,3,F,,95,Y,Y,Y,Cordelia/Emily,,
,9/12,7:00 PM,6,W,36,100,Y,Y,Y,Cordelia,,
,9/9,1:00 PM,6,F,,80,Y,Y,N,Emily,,
,9/8,7:00 PM,5,F,,40,Y,Y,Y,Emily/Jack,,
,9/8,5:00 PM,9,F,,90,Y,Y,Y,Emily/Jack,,
,9/8,3:00 PM,4,F,,80,Y,Y,Y,Cordelia/Emily,,
,9/7,1:00 PM,4,F,,85,Y,Y,Y,Emily,,
,9/6,1:00 PM,9,F,57,90,Y,Y,Y,Ryan,,
,9/2,1:00 PM,5,W,59,100,Y,Y,Y,Ryan,,
,9/1,9:00 PM,6,F,,40,Y,Y,Y,Jack,,
,9/1,5:00 PM,7,F,,80,Y,Y,Y,Jack,,
,8/31,7:00 PM,9,W,51,100,Y,Y,Y,Jack,,
,8/31,5:00 PM,6,W,56,100,Y,M,Y,Jack,,
,8/28,7:00 PM,6,F,,90,Y,Y,Y,Jack,,
,8/26,3:00 PM,4,W,51,100,Y,Y,Y,Jack,,
,8/25,9:00 PM,10,F,,90,Y,Y,Y,Jack,,
,8/25,5:00 PM,6,W,58,100,Y,Y,Y,Jack,,
,8/25,3:00 PM,8,F,60,95,Y,Y,Y,Ryan,,
,8/24,9:00 PM,2,F,,10,N,N,N,Jack,Had a lot oF trouble With First puzzles,
,8/24,1:00 PM,7,W,47,100,Y,Y,Y,Hanna,,
,8//19,5:00 PM,7,F,,99,Y,Y,N,Hanna,,
,8/18,9:00 PM,5,F,,90,Y,Y,Y,Jack,,
,8/18,7:00 PM,5,W,42,100,Y,Y,Y,Jack,,
,8/18,3:00 PM,11,F,,50,Y,Y,Y,Emily/Hanna,,
,8/18,1:00 PM,9,F,,90,Y,Y,Y,Emily/Hanna,,
,8/17,9:00 PM,4,F,,80,Y,Y,Y,Jack,,
,8/16,7:00 PM,4,F,,80,Y,Y,N,Cordelia,,
,8/16,3:00 PM,8,F,,,,,,,,
,8/15,9:00 PM,7,W,45,100,Y,Y,Y,Jack,,
,8/14,9:00 PM,4,F,,90,y,y,y,,,
,8/14,7:00 PM,5,W,47,100,Y,Y,Y,Cordelia,,
,8/14,5:00 PM,3,F,,75,y,y,n,Emily/Cordelia,,
,8/12,9:00 PM,3,F,,90,Y,Y,Y,Ryan,,
,8/11,9:00 PM,5,F,,40,Y,Y,Y,,,
,8/11,7:00 PM,4,F,,60,Y,Y,Y,Jack,,
,8/11,5:00 PM,7,F,,60,Y,Y,Y,Jack,,
,8/11,3:00 PM,5,W,55,100,Y,Y,Y,Cordelia,,
,8/11,11:00 AM,10,W,53,100,m,m,y,Cordelia,,
,8/10,1:00 PM,10,F,,80,Y,Y,N,Cordelia,,
,8/7,7:00 PM,4,F,,60,y,y,n,Cordelia,,
,8/5,5:00 PM,8,W,50,100,Y,Y,Y,Jack,,
,8/5,3:00 PM,4,F,,90,Y,Y,Y,Emily,,
,8/4,9:00 PM,2,,,,,,,Hanna,,
,8/4,7:00 PM,9,,,,,,,Hanna/Emily,,
,8/3,7:00 PM,4,F,,,y,y,n,Cordelia,,
,8/2,9:00 PM,6,W,43,100,y,y,y,Cordelia,,
,7/29,7:00 PM,3,F,,95,Y,Y,Y,,,
,7/28,5:00 PM,10,W,39,100,Y,Y,Y,Hanna,,
,7/28,3:00 PM,5,W,58,100,Y,Y,Y,Jack,,
,7/27,9:00 PM,8,F,,70,Y,Y,Y,Jack,,
,7/27,7:00 PM,6,W,55,100,Y,Y,Y,Jack,,
,7/27,3:00 PM,4,F,,70,Y,Y,Y,Cordelia,,
,7/27,1:00 PM,10,W,58,100,Y,Y,Y,Cordelia,,
,7/26,7:00 PM,7,W,37,100,Y,Y,Y,Cordelia,,
,7/26,1:00 PM,3,F,,65,Y,Y,Y,Hanna,,
,7/25,3:00 PM,12,F,,50,Y,Y,N,Hanna,,
,7/25,1:00 PM,2,W,47,100,Y,Y,Y,Hanna,,
,7/24,7:00 PM,6,F,,80,M,M,Y,Cordelia,,
,7/24,11:00 AM,8,W,52,100,Y,Y,Y,Hanna,,
,7/22,3:00 PM,4,F,,80,Y,Y,Y,Jack,,
,7/21,9:00 PM,8,W,43,100,Y,Y,Y,Cordelia,,
,7/21,7:00 PM,7,W,54,100,Y,Y,Y,Cordelia/Jack,,
,7/21,5:00 PM,6,W,58,100,Y,Y,Y,Jack/Cordelia,,
,7/21,3:00 PM,6,F,,50,Y,Y,Y,Ian/Jack,,
,7/21,1:00 PM,8,F,,60,Y,Y,Y,Ian/Jack,,
,7/19,9:00 PM,12,F,,70,Y,Y,Y,Cordelia,,
,7/18,5:00 PM,6,F,,50,Y,Y,Y,,,
,7/17,9:00 PM,4,F,,90,Y,Y,Y,Jack,,
,7/15,4:00 PM,11,W,58,100,Y,Y,Y,Emily/Jack,,
,7/15,3:00 PM,8,F,,90,Y,Y,Y,Emily,,
,7/14,7:00 PM,7,W,52,100,Y,Y,Y,Jack,,
,7/14,3:00 PM,6,W,58,100,Y,Y,Y,Emily/Bean,,
,7/13,9:00 PM,10,F,,99,Y,Y,Y,emily,,
,7/8,9:00 PM,9,W,59,100,Y,Y,Y,Jack,,
,7/8,7:00 PM,4,F,,40,Y,Y,Y,Jack,,
,7/8,5:00 PM,8,W,45,100,Y,Y,Y,Jack,,
,7/8,3:00 PM,9,W,55,100,Y,Y,Y,Emily,,
,7/7,9:00 PM,2,F,,90,Y,Y,Y,Jack,,
,7/7,7:00 PM,12,W,50,100,Y,Y,Y,Emily/Jack,,
,7/7,5:00 PM,5,F,,80,Y,Y,Y,Emily/Jack,,
,7/7,3:00 PM,6,F,,90,Y,Y,Y,Cordelia/Emily,,
,7/6,5:00 PM,3,F,,40,Y,Y,,Cordelia/Jack,,
,7/4,5:00 PM,6,F,,85,Y,Y,Y,Cordelia/Jack,,
,7/4,3:00 PM,4,W,54,100,Y,Y,Y,Cordelia,,
,7/4,1:00 PM,4,W,58,100,Y,Y,Y,Cordelia,,
,7/3,7:00 PM,4,W,46,100,Y,Y,Y,Cordelia,,
,7/3,5:00 PM,4,W,56,100,Y,Y,Y,Bean/Cordelia,,
,7/1,7:00 PM,5,F,,40,Y,Y,Y,Jack,,
,7/1,5:00 PM,5,F,,60,Y,Y,Y,Jack,,
,7/1,3:00 PM,12,W,40,100,Y,Y,Y,Emily,,
,7/1,1:00 PM,6,W,48,100,Y,Y,Y,Emily,,
,6/30,9:00 PM,4,F,,70,Y,Y,N,Hanna,,
,6/30,5:00 PM,5,W,41,100,Y,Y,Y,Hanna/Jack,,
,6/30,1:00 PM,11,F,,95,Y,Y,Y,Emily/Jack,,
,6/29,9:00 PM,2,F,,30,Y,Y,Y,Jack,,
,6/29,7:00 PM,10,W,59,100,Y,Y,Y,Jack,,
,6/28,7:00 PM,3,F,,90,Y,Y,Y,Jack,,
,6/27,7:00 PM,10,F,,80,Y,Y,Y,Jack,,
,6/26,7:00 PM,8,W,59,100,Y,Y,Y,Cordelia,,
,6/24,5:00 PM,2,F,,40,Y,Y,Y,Emily,Interested in returning For second attempt With larger group,
,6/26,1:00 PM,3,F,,40,Y,Y,Y,Ian,,
,6/24,3:00 PM,8,F,,60,Y,Y,Y,Jack,,
,6/24,1:00 PM,4,W,51,100,Y,Y,Y,Jack,,
,6/24,11:00 AM,4,F,,90,Y,Y,Y,Jack,,
,6/23,7:00 PM,5,W,56,100,Y,Y,Y,Hanna/Jack,,
,6/23,5:00 PM,4,F,,70,Y,Y,Y,Hanna/Jack,,
,6/23,3:00 PM,4,F,,50,Y,Y,Y,Emily/Jack,,
,6/23,1:00 PM,11,F,55,99,Y,Y,Y,Emily/Jack,"Died at bomb, given time to Finish",
,6/22,7:00 PM,5,F,,50,Y,Y,Y,Jack,,
,6/21,1:00 PM,4,F,,60,Y,Y,N,Hanna,,
,6/20,7:00 PM,11,F,,60,Y,Y,Y,Jack,,
,6/19,7:00 PM,9,W,45,100,Y,Y,Y,Cordelia,,
,6/19,5:00 PM,4,F,,100,Y,Y,Y,Cordelia ,Finished With extra time because bomb Was not set up properly,
,6/17,7:00 PM,5,F,,65,Y,Y,Y,Cordelia ,,
,6/17,3:00 PM,4,F,,60,Y,Y,N,Cordelia,,
,6/16,9:00 PM,4,W,,85,Y,Y,Y,Hanna,,
,6/16,5:00 PM,4,W,38,100,Y,Y,Y,Hanna/Jack,,
,6/16,3:00 PM,6,W,54,100,Y,Y,Y,Jack,,
,6/15,9:00 PM,3,F,,50,N,N,N,Hanna,"seemed super depressed the Whole game, like right From the moment they got here",
,6/13,9:00 PM,8,F,,85,Y,Y,Y,,,
,6/13,5:00 PM,7,F,,95,Y,Y,Y,Jack/Ian,,
,6/12,3:00 PM,7,F,,80,Y,Y,Y,Jack,Failed at bomb,
,6/12,1:00 PM,6,F,,40,Y,Y,Y,Jack,,
,6/10,7:00 PM,7,F,,85,Y,Y,Y,Emily,Interested in coming back to try again,
,6/10,5:00 PM,9,W,49,100,Y,Y,Y,Emily,,
,6/10,3:00 PM,8,F,,80,Y,Y,Y,Hanna,,
,6/10,11:00 PM,4,F,,95,N,N,Y,Hanna,,
,6/9,9:00 PM,6,W,59,100,Y,Y,Y,Hanna,,
,6/9,5:00 PM,6,F,,90,Y,Y,Y,Hanna,,
,6/9,3:00 PM,5,W,54,100,Y,Y,Y,Emily,,
,6/9,1:00 PM,9,F,59,95,Y,Y,Y,Emily,"Photo on phone only, died at bomb",
,6/9,11:00 AM,9,W,40,100,Y,Y,Y,Emily,,
,6/8,7:00 PM,7,F,,98,Y,Y,Y,Cordelia ,,
,6/8,2:00 PM,8,W,49,100,Y,Y,Y,Emily,,
,6/3,7:00 PM,4,F,,90,Y,Y,Y,Cordelia,,
,6/3,3:00 PM,8,F,,70,Y,Y,Y,Jack,Master Walkie talkie For lab kept cutting oFF,
,6/2,7:00 PM,10,F,,50,Y,Y,Y,Cordelia/Jack,,
,6/2,5:00 PM,6,W,59,100,Y,M,Y,Cordelia/Jack,,
,6/2,3:00 PM,3,F,,65,Y,Y,Y,Emily/Cordelia,,
,5/31,7:00 PM,10,W,34,100,Y,Y,Y,Cordelia,,
,5/28,5:00 PM,8,,,,,,,Jack/Emily,,
,5/28,1:00 PM,10,F,,60,Y,Y,Y,Jack,,
,5/27,9:00 PM,2,W,50,100,Y,Y,Y,Emily,,
,5/27,1:00 PM,6,F,,75,Y,Y,Y,Cordelia ,,
,5/36,5:00 PM,4,F,,90,Y,Y,Y,Emily,,
,5/26,3:00 PM,5,F,,65,Y,Y,N,Cordelia,,
,5/22,3:00 PM,6,F,,90,Y,Y,Y,Jack,,
,5/20,9:00 PM,7,W,59,100,Y,Y,Y,Cordelia,,
,5/20,5:00 PM,7,W,43,100,Y,Y,Y,Cordelia,,
,5/20,3:00 PM,4,F,,80,Y,Y,Y,Emily,,
,5/20,11:00 AM,6,F,,75,Y,Y,N,Emily,,
,5/19,9:00 PM,4,F,,90,Y,Y,Y,Jack,,
,5/19,7:00 PM,7,W,46,100,Y,Y,Y,Jack,,
,5/19,5:00 PM,7,W,57,100,Y,Y,Y,Jack,,
,5/19,3:00 PM,11,F,,95,Y,Y,Y,Cordelia/Jack,,
,5/19,1:00 PM,4,F,,60,Y,Y,Y,Cordelia,,
,5/18,3:00 PM,12,W,57,100,Y,Y,Y,Cordelia,,
,5/17,7:00 PM,2,F,,80,Y,Y,Y,Jack,,
,5/13,7:00 PM,3,F,,95,Y,Y,Y,Hanna,,
,5/12,9:00 PM,5,W,59,100,Y,Y,Y,,,
,5/12,5:00 PM,4,F,,60,Y,Y,Y,Hanna/Jack,,
,5/6,9:00 PM,4,F,,90,Y,Y,N,Cordelia,,
,5/6,5:00 PM,6,F,,95,Y,Y,N,Cordelia,,
,5/5,9:00 PM,3,F,,75,Y,Y,Y,Emily,,
,5/5,5:00 PM,9,F,,80,Y,Y,Y,Hanna/Emily,died at bomb,
,5/3,7:00 PM,6,F,,90,Y,Y,Y,Jack,,
,5/2,7:00 PM,6,F,,95,Y,Y,N,Cordelia,Waiver system doWn,
,5/1,7:00 PM,3,F,,50,Y,Y,N,Emily,,
,5/1,5:00 PM,3,F,,50,Y,Y,Y,Jack/Emily,,
,4/29,5:00 PM,9,F,,65,Y,Y,Y,Cordelia,,
,4/29,3:00 PM,6,F,,95,Y,Y,Y,Emily,,
,4/28,9:00 PM,6,F,,50,Y,Y,Y,,,
,4/28,7:00 PM,4,F,,50,M,N,N,Jack,,
,4/28,5:00 PM,5,F,,50,Y,Y,Y,Jack,,
,4/28,1:00 PM,4,F,,80,Y,Y,Y,Cordelia,,
,4/27,7:00 PM,7,F,,50,M,N,,Jack,,
,4/26,7:00 PM,10,W,47,100,Y,Y,Y,Cordelia,,
,4/22,500 PM,4,F,,50,Y,Y,N,Hanna,,
,4/21,7:00 PM,10,W,52,100,Y,Y,Y,Emily/Jack,Said they didn't like neW light above computer,
,4/21,5:00 PM,12,W,60,100,Y,Y,Y,Jack/Emily,,
,4/21,3:00 PM,5,F,,50,Y,Y,Y,Hanna/Jack,Radio not Working still. Blue light making clicking noise.,
,4/21,1:00 PM,6,W,59,100,Y,Y,Y,Hanna/Jack,,
,4/18,3:00 PM,10,W,49,100,Y,Y,Y,Ian/Jack,,
,4/17,1:00 PM,6,F,,40,Y,Y,Y,Jack,,
,4/15,5:00 PM,6,F,,70,Y,Y,N,Cordelia,,
,4/15,2:00 PM,12,W,60,100,Y,Y,N,Emily/Cordelia,,
,4/14,5:00 PM,4,F,,65,Y,Y,Y,Hanna/Bean,BrieF case broken,
,4/14,1:00 PM,4,F,,65,Y,Y,Y,Cordelia/Bean,,
,4/13,9:00 PM,2,F,,50,Y,Y,Y,Cordelia,,
,4/11,9:00 PM,6,F,,90,Y,Y,Y,Jack,,
,4/10,5:00 PM,2,F,,40,Y,Y,N,Jack/Emily,Had a nice time but really struggled since it Was just the 2 oF them and it Was their First time.  Still interested in trying the Redmond rooms,
,4/8,3:00 PM,2,F,,60,Y,Y,,Cordelia/Jack,,
,4/8,11:00 AM,5,F,,70,Y,Y,Y,Jack,,
,4/7,9:00 PM,6,F,,40,Y,Y,Y,Jack,,
,4/7,7:00 PM,4,F,,70,Y,M,Y,Jack,,
,4/7,5:00 PM,7,F,,40,N,N,Y,Jack,,
,4/7,3:00 PM,9,W,58,100,Y,Y,Y,Cordelia ,,
,4/6,7:00 PM,9,W,58,100,Y,Y,Y,Jack,,
,4/6,2:00 PM,4,F,,50,Y,Y,Y,Cordelia ,,
,4/3,5:00 PM,6,F,,70,Y,Y,Y,Jack/Emily,,
,4/1,7:00 PM,5,F,,90,Y,Y,Y,,,
,4/1,5:00 PM,5,W,59,100,Y,Y,Y,Hanna,Keys still not Working,
,4/1,3:00 PM,4,W,58,100,Y,Y,Y,Emily,,
,4/1,1:00 PM,4,F,,85,M,Y,N,Emily,,
,3/31,9:00 PM,4,F,,90,Y,Y,N,Emily,,
,3/31,7:00 PM,6,F,,95,Y,Y,Y,Jack/Emily,,
,3/31,5:00 PM,4,W,57,100,Y,Y,Y,Jack/Emily,,
,3/31,3:00 PM,5,W,56,100,Y,Y,Y,Cordelia/Jack,,
,3/31,1:00 PM,9,F,,75,Y,Y,Y,Cordelia/Jack,,
,3/31,11:00 AM,6,W,60,100,Y,Y,Y,Cordelia,,
,3/30,9:00 PM,7,F,,80,Y,Y,Y,Jack,,
,3/30,3:00 PM,5,F,,70,Y,Y,Y,Cordelia,,
,3/28,7:00 PM,5,F,,80,Y,Y,Y,Jack,,
,3/27,9:00 PM,4,W,58,100,Y,Y,Y,Emily,,
,3/27,3:00 PM,4,F,,30,M,M,Y,Jack,,
,3/25,7:00 PM,6,F,,85,Y,Y,Y,Emily,,
,3/25,5:00 PM,4,F,,90,Y,Y,Y,Emily,,
,3/25,3:00 PM,,,,,,,,,,
,3/25,1:00 PM,,,,,,,,,,
,3/24,9:00 PM,7,F,,40,Y,Y,Y,Jack,,
,3/24,7:00 PM,8,F,,60,Y,Y,Y,Jack,,
,3/24,5:00 PM,4,F,,90,Y,Y,Y,Jack,,
,3/23,9:00 PM,4,F,,60,Y,Y,Y,Jack,,
,3/23,7:00 PM,10,W,47,100,Y,Y,Y,Jack,Decoder Wheel broke; replaced,
,3/23,5:00 PM,4,F,,30,Y,Y,Y,Ian/Jack,,
,3/18,9:00 PM,8,,,,,,,,,
,3/18,5:00 PM,10,W,59:50:00,,y,y,y,Ben,,
,3/17,3:00 PM,4,F,,90,Y,Y,Y,Jack/Ben,,
,3/17,1:00 PM,7,F,,70,Y,Y,Y,Jack/Ben,,
,3/17,11:00 AM,5,F,,95,Y,Y,Y,Jack,,
,3/15,5:00 PM,4,F,,30,N,N,Y,Cordelia/Jack,,
,3/15,3:00 PM,8,W,59,100,Y,Y,Y,Cordelia,,
,3/15,1:00 PM,4,F,,65,Y,Y,N,Cordelia,Group Filled out Waivers on paper because WiFi Was doWn,
,3/13,5:00 PM,7,W,52,100,Y,Y,Y,Cordelia/Jack,,
,3/11,5:00 PM,3,F,,70,Y,Y,Y,Emily ,,
,3/11,3:00 PM,6,F,,95,Y,Y,Y,Emily/Cordelia,,
,3/10,9:00 PM,8,F,,80,Y,Y,Y,Hanna,,
,3/10,7:00 PM,14,F,,60,Y,Y,N,Cordelia/Hanna,,
,3/10,3:00 PM,6,F,,70,Y,Y,Y,Cordelia,,
,3/9,9:00 PM,4,F,,40,Y,Y,Y,,,
,3/9,7:00 PM,5,F,,60,Y,Y,Y,Jack,,
,3/6,7:00 PM,8,F,,90,Y,Y,Y,Hanna,,
,3/4,5:00 PM,7,F,,80,Y,Y,Y,Jack,,
,3/3,9:00 PM,9,F,,,Y,Y,Y,Cordelia,,
,3/3,7:00 PM,11,F,,80,Y,Y,Y,Cordelia/Emily,,
,3/3,5:00 PM,5,F,,75,Y,Y,Y,Cordelia/Emily,,
,3/3,3:00 PM,6,F,,80,Y,Y,Y,Jack/Emily,,
,3/3,1:00 PM,4,F,,80,Y,Y,Y,Jack,,
,3/2,9:00 PM,5,F,,95,Y,Y,Y,Jack,,
,3/2,7:00 PM,8,F,,50,Y,Y,Y,Jack,,
,3/2,1:00 PM,4,F,,70,Y,Y,N,Emily,Photo taken only on phone,
,2/27,7:00 PM,4,F,,90,Y,Y,Y,Hanna,,
,2/25,7:00 PM,6,W,50,100,Y,Y,Y,Emily,,
,2/25,5:00 PM,6,F,,70,Y,Y,Y,Emily,"Came in very late, started With 50 minutes instead oF a Full hour",
,2/25,1:00 PM,4,F,,80,Y,Y,Y,Cordelia ,,
,2/25,11:00 AM,3,F,,50,Y,Y,N,Cordelia ,,
,2/24,9:00 PM,6,F,,70,Y,Y,N,Emily,Interested in coming back For halF price,
,2/24,7:00 PM,4,W,58,100,Y,Y,Y,Emily/Bean,,
,2/24,5:00 PM,7,W,58,100,Y,Y,Y,Emily/Bean,,
,2/24,3:00 PM,,,,,,,,,,
,2/24,1:00 PM,,,,,,,,,,
,2/23,9:00 PM,4,F,,80,Y,Y,Y,,,
,2/23,5:00 PM,8,W,53,100,Y,Y,Y,Emily/Jack,Escape door Wouldnt open When they had all Four keys,
,2/22,4:00 PM,8,W,48,100,Y,Y,Y,Cordelia ,,
,2/20,1:00 PM,9,W,60,100,Y,Y,Y,Cordelia,,
,2/18,9:00 PM,4,F,,60,Y,Y,,Bean,"Very disrespectFul to the room, Forced open the door to the strategy room and tossed props carelessly.",
,2/18,7:00 PM,7,W,55,100,Y,Y,Y,Bean,,
,2/18,5:00 PM,5,F,,55,Y,Y,Y,Bean,,
,2/18,3:00 PM,5,W,60,100,Y,Y,,Cordelia ,,
,2/18,1:00 PM,4,F,,50,Y,Y,Y,Cordelia ,,
,2/18,11:00 AM,6,W,59,100,Y,Y,Y,Cordelia,,
,2/17,9:00 PM,4,F,,90,Y,Y,Y,Emily ,,
,2/17/2018,7:00 PM,4,F,,70,Y,Y,Y,Emily/Cordelia,,
,2.17/2018,5:00 PM,4,F,,99,Y,Y,Y,Cordelia/Emily,"Given extra 30 seconds to Finish, ",
,2/17/2018,3:00 PM,5,F,,60,Y,Y,N,Ian/Cordelia,,
,2/16/2018,9:00 PM,8,F,,60,Y,Y,Y,,,
,2/11/2018,5:00 PM,4,F,,80,Y,Y,Y,Emily,,
,2/11/2018,1:00 PM,4,F,,65,Y,Y,Y,Cordelia ,,
,2/11/2018,11:00 AM,5,F,,80,Y,Y,Y,Cordelia ,Movie passes given out,
,2/10/2018,7:00 PM,6,F,,55,Y,Y,Y,Emily/Hanna,Birthday party,
,2/10/2018,5:00 PM,6,F,,99,Y,Y,Y,Emily/Hanna,"Time ended as they Were entereing bomb room, Was given 2 more minutes to Finish",
,2/10/2018,3:00 PM,8,F,,70,Y,Y,Y,Emily/Jack,,
,2/10/2018,1:00 PM,9,W,42,100,Y,Y,Y,Emily/Jack,,
,2/10/2018,11:00 AM,10,F,,60,Y,Y,Y,Jack,,
,2/7/2018,9:00 PM,5,F,,90,Y,Y,Y,,,
,2/7/2018,7:00 PM,6,F,,90,Y,Y,Y,Jack,,
,2/3/2018,9:00 PM,12,W,57,100,Y,Y,Y,,,
,2/3/2018,5:00 PM,3,F,,50,N,N,N,Jack,,
,2/3/2018,3:00 PM,6,F,,40,Y,Y,Y,Jack,,
,2/2/2018,7:00 PM,6,W,48,100,Y,Y,Y,Jack,,
,1/302018,1:00 PM,12,W,50,100,Y,Y,Y,Cordelia ,,
,1/28/2018,3:00 PM,8,W,58,100,Y,Y,Y,Cordelia,,
,1/28/2018,1:00 PM,5,W,55,100,Y,Y,Y,Cordelia,,
,1/27/2018,9:00 PM,4,F,,70,Y,Y,Y,Jack,,
,1/27/2018,7:00 PM,4,F,,75,Y,Y,Y,Jack,,
,1/27/2018,5:00 PM,5,F,,50,Y,Y,,Jack,"Walkie talkie died, lost time trying to talk to me. gave them 5 extra minutes",
,1/27/2018,3:00 PM,9,F,,65,Y,Y,Y,Cordelia/Jack,,
,1/27/2018,11:00 AM,4,F,,60,Y,Y,Y,Cordelia ,"So this group paid For tWo bookings, 11 am and 1 pm. Not counting their second game stats, they just Wanted to sloWly Work through the room. ",
,1/21/2018,5:00 PM,11,W,54,100,Y,Y,Y,Emily,,
,1/21/2018,1:00 PM,4,F,,95,Y,Y,Y,Jack,"LeFt laser room remote inside, they accidentally turned oFF bomb. Had to pause game and reset room When they got to that point",
,1/20/2018,9:00 PM,6,F,,70,Y,Y,Y,Cordelia,,
,1/20/2018,7:00 PM,4,W,55,100,Y,Y,Y,Cordelia/Hanna,,
,1/20/2018,5:00 PM,8,F,,75,Y,Y,Y,Hanna/Cordelia,,
,1/20/2018,3:00 PM,3,F,,85,Y,Y,Y,Hanna/Ian,,
,1/19/2018,9:00 PM,8,F,,95,Y,Y,Y,,,
,1/18/2018,7:00 PM,6,W,40,100,Y,Y,Y,Emily,Bypassed decoded message lock by guessing to place phone on book,
,1/18/2018,3:00 PM,11,W,55,100,Y,Y,Y,Cordelia ,"Radio Wasn't Working, gave them message verbally",
,1/17/2018,7:00 PM,6,F,,90,Y,Y,Y,Jack,Lasers need to be readjusted,
,1/17/2018,1:00 PM,12,F,,90,Y,Y,Y,Ian,,
,1/14/2018,3:00 PM,4,F,,70,Y,Y,Y,Cordelia ,,
,1/13/2018,7:00 PM,9,W,50,100,Y,Y,Y,Cordelia/jack,,
,1/13/2018,5:00 PM,8,F,,80,Y,Y,Y,Cordelia/Jack,"Birthday, had a lot oF Fun. ",
,1/13/2018,3:00 PM,11,F,,95,Y,Y,Y,Ian/Jack,,
,1/13/2018,1:00 PM,4,W,59,100,Y,Y,Y,Ian/Jack,Bomb didn't count doWn/ didn't give key When solved,
,1/10/2017,5:00 PM,4,W,51,100,Y,Y,Y,Hanna/Ian,,
,1/7/2018,9:00 PM,12,W,51,100,Y,Y,N,Hanna,,
,1/7/2018,5:00 PM,7,W,45,100,Y,Y,Y,Hanna,,
,1/7/2017,3:00 PM,7,W,47,100,Y,Y,Y,Cordelia ,"Messed up the keyboard, hanna Fixed it!",
,1/7/2018,1:00 PM,6,F,,75,Y,Y,Y,Cordelia ,No type in me pad. Gave extra time. ,
,1/7/2018,11:00 AM,4,F,,55,Y,Y,N,Cordelia ,Coming back to do Bio,
,1/6/2018,9:00 PM,4,F,,90,Y,Y,Y,Emily,,
,1/6/2018,7:00 PM,6,W,59,100,Y,Y,Y,Cords/Emily,"Problem With computer, given extra 5 mins",
,1/6/2018,5:00 PM,4,W,59,100,Y,Y,Y,Cords/Emily,Accidentally shut oFF comupter,
,1/6/2018,3:00 PM,11,F,,70,Y,Y,Y,Hanna/Cords,Accidentally shut oFF comupter,
,1/5/2018,9:00 PM,6,W,48,100,Y,Y,Y,Emily,Keys didn't Work,
,1/5/2018,7:00 PM,9,W,59,100,Y,Y,Y,Emily,,
,1/4/2018,7:00 PM,4,W,49,100,Y,Y,Y,Cordelia ,"Did really Well, Wanted a physical piece oF paper to Write notes on",
,1/3/2018,7:00 PM,3,F,,80,Y,Y,N,Emily,"Muliple things not set up correctly, noted 10 discount For their next visit",
,1/2/2018,9:00 PM,4,F,,90,Y,Y,Y,Ian,,
,12/31/2016,3:00 PM,13,F,,95,Y,Y,Y,Hanna,Died at bomb. 2 underage kids and 2 birthdays so only paid For 9,
,12/31/2017,1:00 PM,4,W,59,100,Y,Y,N,Hanna,PoWerpoint shut doWn mid-game. Added 5 minutes to compensate For time Wasted.,
,12/30/2017,9:00 PM,,,,,,,,,,
,12/30/2017,7:00 PM,11,F,43,80,Y,Y,Y,Ian/Ben,Died From bomb,
,12/30/2017,5:00 PM,6,F,,25,Y,Y,Y,Ian/Bean,,
,12/30/2017,3:00 PM,7,W,59,100,Y,Y,N,Ben,,
,12/30/2017,1:00 PM,6,F,,,,,,Hanna,,
,12/29/2017,9:00 PM,4,F,,50,Y,Y,Y,Ian,,
,12/29/2017,7:00 PM,9,F,,95,Y,Y,Y,Ian,,
,12/29/2017,5:00 PM,5,F,,90,Y,Y,Y,Ian,,
,12/29/2017,3:00 PM,8,W,47,100,Y,Y,Y,Ben,,
,12/28/2017,3:00 PM,10,W,54,100,y,y,y,Ian,,
,12/27/2017,5:00 PM,7,,,,,,,Ian/Ben,,
,12/27/2017,3:00 PM,3,F,,50,Y,Y,Y,Ian,,
,12/27/2017,1:00 PM,6,W,51,100,Y,Y,Y,Ian,,
,12/26/2017,9:00 PM,6,W,59,100,Y,Y,N,Hanna,,
,12/26/2017,7:00 PM,5,F,,85,Y,Y,N,Hanna,,
,12/26/2017,5:00 PM,5,F,,45,Y,Y,N,Ian/Hanna,,
,12/26/2017,3:00 PM,5,F,,50,Y,Y,N,Ian,,
,12/26/2017,1:00 PM,6,W,43,100,Y,Y,Y,Ian,,
,12/24/2017,3:00 PM,6,F,43,75,Y,Y,Y,Ian,"Died From Bomb, let them use the rest oF their time to try to solve What they could",
,12/23/2017,5:00 PM,6,F,,90,Y,Y,Y,Ian/Hanna,,
,12/23/2017,3:00 PM,6,F,,80,Y,Y,Y,Hanna/Ben,Mad about the computer shutting oFF,
,12/22/2017,9:00 PM,5,F,,95,Y,Y,Y,Ian,,
,12/22/2017,7:00 PM,4,W,59,100,Y,Y,Y,Ian,,
,12/21/2017,7:00 PM,5,F,,75,Y,Y,,Ian,,
,12/21/2017,5:00 PM,8,W,57,100,Y,Y,N,Emily,,
,12/21/2017,3:00 PM,5,F,,70,Y,Y,N,Emily,Needed to leave in a hurry,
,12/21/2017,1:00 PM,5,F,,95,Y,Y,N,Emily,"Picture Was just on phone, as they Were excited to head over to Redmond to do another room",
,12/20/2017,9:00 PM,3,F,,75,Y,Y,Y,Emily,,
,12/20/2017,3:00 PM,4,F,,90,Y,Y,N,Emily,Picture on thier phone ,
,12/19/2017,7:00 PM,8,W,55,100,Y,Y,Y,Emily,"Did explode bomb, but I reset it For them",
,12/19/2017,5:00 PM,5,F,,80,Y,Y,Y,Ben/Emily,Asked For help on every puzzle they Worked on For the last 25 minutes :/,
,12/19,3:00 PM,4,,,,,,,Ben,,
,12/17/2017,7:00 PM,6,F,,90,Y,Y,Y,Hanna,,
,12/17/2017,5:00 PM,4,F,,95,Y,Y,Y,Hanna,,
,12/17/2017,3:00 PM,4,F,45,25,Y,Y,Y,Ian,"Cheated by using the one key to turn all Four locks, leFt early",
,12/17/2017,1:00 PM,9,F,,,Y,Y,Y,Ian,,
,12/17/2017,11:00 AM,7,F,,50,Y,Y,Y,Ian,,
,12/16/2017,5:00 PM,15,F,,75,Y,Y,Y,Ian,,
,12/16/2017,3:00 PM,6,F,,50,Y,Y,Y,Emily/Ian,,
,12/16/2017,11:00 AM,10,W,45,100,Y,Y,Y,Emily,,
,12/15/2017,9:00 PM,9,W,57,100,Y,Y,Y,Emily,,
,12/15/2017,5:00 PM,4,F,,70,Y,Y,Y,Emily/Ben,,
,12/14/2017,3:00 PM,7,W,48,100,Y,Y,Y,Cordelia ,,
,12/13/2017,4:00 PM,9,F,,80,Y,Y,Y,Ian/Katie,Died at bomb,
,12/13/2017,1:00 PM,4,F,,50,Y,Y,Y,Ian,,
,12/12/2017,5:00 PM,5,W,58,100,Y,Y,Y,Ian,,
,12/10/2017,5:00 PM,4,F,,90,Y,Y,Y,Katie,,
,12/9/2017,7:00 PM,8,F,,80,Y,Y,Y,Katie,,
,12/8/2017,9:00 PM,10,F,,70,Y,Y,Y,Katie,,
,12/8/2017,7:00 PM,6,F,,70,Y,Y,N,Katie,,
,12/6/2017,9:00 PM,9,W,55,100,Y,Y,Y,Ian,,
,12/6/2017,7:00 PM,4,F,,50,Y,Y,N,Ian,,
,12/5/2017,9:00 PM,5,F,,50,Y,Y,N,Ian,Said they Want to come back to try again,
,12/3/2017,11:00 AM,7,F,,70,Y,Y,Y,Katie,,
,12/2/2017,9:00 PM,11,F,,95,Y,Y,N,Emily,,
,12/2/2017,6:00 PM,9,F,,99,Y,Y,Y,Katie/Emily,Were Working on getting the last key out oF the maze When the timer ran out,
,12/1/2017,7:00 PM,6,F,,50,Y,Y,N,Katie,,
,11/30/2017,3:00 PM,7,W,59,100,Y,Y,Y,Ian/Ben,,
,11/30/2017,1:00 PM,7,F,,90,Y,Y,N,Ian/Ben,,
,11/29/2017,7:00 PM,8,W,49,100,Y,Y,,Cordelia ,,
,11/28/2017,1:00 PM,4,F,,100,Y,Y,Y,Ian/Cordelia ,"Gave extra time to Finish, but not a Win",
,11/26/2017,1:00 PM,7,F,,100,Y,Y,N,Ben/Ian,"They enjoyed it, Forgot bomb timer.",
,11/22/2017,9:00 PM,6,F,,95,Y,Y,N,Cordelia ,,
,11/22/2017,5:00 PM,10,W,50,100,Y,Y,N,Ben/Cordelia ,1 baby,
,11/21/2017,1:30 PM,8,W,47,100,Y,Y,N,Cordelia ,,
,11/19/2017,7:00 PM,9,W,52,100,Y,Y,N,,,
,11/19/2017,3:00 PM,3,F,,60,Y,Y,N,Cordelia ,"Walk-in, had Fun.",
,11/19/2017,11:00 AM,6,W,60,100,Y,Y,Y,Cordelia ,,
,11/18/2017,7:00 PM,6,F,,95,y,Y,Y,Emily/Ben,,
,11/18/2017,5:00 PM,4,F,,75,Y,Y,Y,Emily/Ben,,
,11/18/2017,3:00 PM,1,F,,60,Y,Y,Y,Cordelia/Ben,On oWn phone,
,11/17/2017,7:00 PM,4,F,,70,Y,Y,Y,Emily,,
,11/16/2017,9:00 PM,4,F,,75,Y,Y,Y,Cordelia ,,
,11/12/2017,3:00 PM,4,F,,80,Y,Y,Y,Ben/Katie,,
,11/12/2017,1:00 PM,4,,,,,,,Ben,,
,11/11/2017,7:00 PM,10,F,,60,Y,Y,N,Cordelia/Katie,,
,11/11/2017,5:00 PM,12,F,,90,Y,Y,Y,Cordelia/Katie,,
,11/11/2017,1:00 PM,4,F,,65,Y,Y,Y,Emily/Cordelia,,
,11/10/2017,9:00 PM,6,F,,70,Y,Y,Y,Katie,,
,11/10/2017,7:00 PM,7,F,,90,Y,Y,Y,Katie,"Pulled door oFF hinge despite opening brieFcase and unlocking lock, I put an updated sign that's hopeFully more noticable so this doesn't happen again >:0",
,11/10/2017,5:00 PM,6,F,,70,Y,Y,Y,Ben/Katie,"Pulled door oFF hinge, did not open brieFcase beFore they pulled door oFF, should not have made it to the bomb room",
,11/10/2017,3:00 PM,4,,,,,,,Ben,,
,11/10/2017,1:00 PM,6,,,,,,,Ben,,
,11/9/2017,1:00 PM,5,F,,,Y,Y,N,Cordelia ,,
,11/7/2017,11:30 AM,8,W,60,100,Y,Y,Y,Ben/Katie,"Waited a bit For their game to start, given 50 oFF",
,11/5/2017,3:00 PM,6,W,57,100,Y,Y,Y,Cordelia,,
,11/5/2017,1:00 PM,4,W,58,100,Y,Y,Y,Cordelia ,Walk-in,
,11/4/2017,9:00 PM,12,W,55,100,Y,Y,Y,Katie,,
,11/4/2017,7:00 PM,8,W,54,100,Y,Y,N,Katie/Hanna,,
,11/4/2017,5:00 PM,7,F,,45,Y,Y,N,Katie/Hanna,Tried our best to be helpFul and get them through as much oF the room as possible but they really Weren't getting it :(,
,11/4/2017,3:00 PM,9,W,59,100,Y,Y,N,Cordelia/Hanna,Set oFF bomb,
,11/4/2017,1:00 PM,7,F,,70,Y,Y,Y,Cordelia/Hanna,Birthday and bachelor,
,11/3/2017,3:00 PM,5,F,,80,Y,Y,Y,Emily ,,
,11/2/2017,5:00 PM,8,W,58,100,Y,Y,Y,Cordelia/Emily,,
,11/2/2017,1:00 PM,10,W,56,100,Y,Y,Y,Cordelia ,,
,11/1/2017,7:00 PM,7,W,52,100,Y,Y,Y,Emily,"YMCA group, they Were really great and put all the clothes back in the crates.",
,10/31/2017,9:00 PM,11,W,39,100,Y,Y,N,Hanna,,
,10/29/2017,9:00 PM,5,F,,90,Y,Y,Y,Emily,"Had a really good time, said they'll be back",
,10/29/2017,5:00 PM,5,W,59,,Y,Y,Y,Emily,,
,10/28/2017,9:00 PM,10,F,,,Y,Y,Y,Katie,BrieFcase malFunctioning - note taped on brieFcase,
,10/28/2017,7:00 PM,4,F,,70,Y,Y,Y,Cordelia/Katie,BrieFcase malFunctioning - note taped on brieFcase,
,10/28/2017,5:00 PM,4,F,,85,Y,Y,Y,Cordelia/Katie,BrieFcase malFunctioning,
,10/28/2017,3:00 PM,7,F,,60,Y,Y,,Cordela/Ben,,
,10/27/2017,9:00 PM,8,W,52,,Y,Y,Y,Emily,,
,10/26/2017,5:00 PM,10,W,60,100,Y,Y,N,Cordelia/Hanna,All From Amazon,
,10/26/2017,3:00 PM,7,F,,99,Y,Y,N,Cordelia ,,
,10/26/2017,1:00 PM,8,F,,85,Y,Y,Y,Cordelia,,
,10/25/2017,9:00 PM,2,F,,75,Y,Y,N,Katie,,
,10/24/2017,4:00 PM,12,F,,65,Y,Y,N,Cordelia ,,
,10/21/2017,9:00 PM,5,W,54,100,Y,Y,Y,Katie,,
,10/21/2017,7:00 PM,6,F,,90,Y,Y,Y,Katie/Ben,,
,10/21/2017,5:00 PM,12,F,,95,Y,Y,Y,Katie/Ben,,
,10/21/2017,3:00 PM,11,F,,90,Y,Y,Y,Cordelia/Ben,"Young group, given extra time",
,10/20/2017,7:00 PM,4,F,,70,Y,Y,Y,Katie,,
,10/20/2017,5:00 PM,4,F,,90,Y,Y,Y,Emily/Katie,,
,10/19/2017,6:00 PM,2,W,60,100,Y,Y,Y,Hanna,Walk-in group celebrating their 8 year anniversary! Were so so happy and promised to leave a great revieW! Given 15 oFF With Yilins permission.,
,10/17/2017,5:00 PM,8,F,,60,Y,Y,Y,Cordelia/Katie,,
,10/15/2017,5:00 PM,4,F,,60,Y,Y,Y,Cordelia,,
,10/15/2017,3:00 PM,11,F,,80,Y,Y,,Hanna,,
,10/15/2017,1:00 PM,11,W,58,100,Y,Y,N,Hanna,,
,10/14/2017,9:00 PM,7,F,,90,Y,Y,Y,Emily,,
,10/14/2017,7:00 PM,7,F,,80,Y,Y,Y,Hanna/Emily,,
,10/14/2017,5:00 PM,10,F,,60,Y,Y,N,Hanna/Emily,,
,10/14/2017,3:00 PM,8,F,,60,Y,Y,Y,Katie/Hanna,,
,10/14/2017,1:00 PM,8,F,,95,Y,Y,Y,Katie/Hanna,Started at 12:35,
,10/14/2017,11:00 AM,6,F,,99,Y,Y,Y,Katie,"Arrived late, given Full time",
,10/13/2017,5:00 PM,7,W,55,100,Y,Y,,Katie/Emily,,
,10/13/2017,1:00 PM,11,F,35,100,Y,Y,Y,Katie,"Finished the room With 25 minutes to spare, but they died at the bomb",
,10/10/2017,7:00 PM,6,W,51,100,Y,Y,N,Hanna,Were super pleased Wih the experience! Couldn't stop talking about hoW much Fun they had and Want to return to try biohazard :),
,10/8/2017,7:00 PM,5,W,59,100,Y,Y,Y,Cordelia,,
,10/8/2017,3:00 PM,9,W,51,100,Y,Y,Y,Katie,,
,10/8/2017,11:00 AM,3,F,,100,Y,Y,Y,Katie,Died at the bomb,
,10/7/2017,7:00 PM,4,F,,75,Y,Y,Y,Katie,,
,10/7/2017,5:00 PM,6,F,,90,Y,Y,Y,Katie,,
,10/7/2017,3:00 PM,3,W,60,100,Y,Y,Y,Cordelia/Katie,,
,10/7/2017,1:00 PM,3,F,,95,Y,Y,N,Cordelia,Very nice!,
,10/6/2017,9:00 PM,9,F,,25,N,N,N,Hanna,"Drunk and annoying. Were part oF a large group so didn't Want to kick them out. Dropped several slurs and could be heard saying ""I never Wanna come back here.""",This group has been banned
,10/6/2017,7:00 PM,4,F,,95,Y,Y,N,Hanna,,
,10/5/2017,1:00 PM,8,F,,80,Y,Y,Y,Cordelia,,
,10/3/2017,7:00 PM,7,F,,95,Y,Y,Y,Katie,Completed it When given extra time,
,10/1/2017,5:00 PM,7,F,,95,Y,Y,Y,Hanna/Emily,,
,10/1/2017,2:00 PM,5,F,,80,Y,Y,Y,Hanna,Walk in,
,9/30/2017,9:00 PM,4,F,,10,Y,N,N,Hanna,Group oF 13 year old girls and 1 guy. Gave them multiple hints and even Walked them through a lot oF it but they Were just not getting it. LeFt 30 minutes early to try and sneak into a Frat party. I hated my liFe but they had Fun hanging out in the room.,
,9/30/2017,7:00 PM,8,W,54,100,Y,Y,N,Hanna,,
,9/30/2017,5:00 PM,7,W,53,100,Y,Y,Y,Hanna,,
,9/30/2017,3:00 PM,,,,,,,,,,
,9/30/2017,1:00 PM,4,F,,70,Y,,Y,Cordster,"They had a lot oF Fun, Were glad to take photo in room",
,9/29/2017,7:00 PM,,,,,,,,,,
,9/28/2017,1:00 PM,5,W,60,100,Y,Y,Y,Cordelia ,,
,9/24/2017,3:00 PM,6,W,49,100,Y,Y,Y,Cordelia,,
,9/23/2017,9:00 PM,7,W,54,100,Y,Y,Y,Emily,,
,9/23/2017,7:00 PM,10,F,,75,Y,Y,Y,Emily,,
,9/23/2017,5:00 PM,6,F,,75,Y,Y,Y,Emily/Hannah,,
,9/23/2017,3:00 PM,7,W,43,100,Y,Y,N,Cordelia/Hanna,,
,9/21/2017,5:00 PM,6,W,60,100,Y,Y,N,Cordelia/Hanna,Escaped With 2 seconds leFt on timer!! Had so much Fun and expressed hoW badly they Want to come back.,
,9/17/2017,5:00 PM,4,F,,85,Y,Y,N,Katie,,
,9/16/2017,9:00 PM,11,W,45,100,Y,Y,Y,Emily,Complained about heat,
,9/16/2017,7:00 PM,11,F,,95,Y,Y,Y,Emily/Katie,BleW up at bomb,
,9/16/2017,5:00 PM,4,F,,80,Y,Y,Y,Emily/Katie,,
,9/16/2017,3:00 PM,10,F,,80,Y,Y,Y,Cordelia/Katie,,
,9/16/2017,1:00 PM,7,F,,80,Y,Y,Y,Cordelia/Katie,,
,9/16/2017,11:00 AM,4,F,,70,Y,Y,N,Cordelia,,
,9/13/2017,5:00 PM,4,F,,,Y,Y,,Katie,,
,9/13/2017,1:00 PM,5,F,,70,Y,Y,Y,Katie,They said they Want to come back!,
,9/10/2017,3:00 PM,3,F,,75,Y,Y,Y,Katie,,
,9/10/2017,11:00 AM,5,W,55,100,Y,Y,Y,Katie,,
,9/9/2017,9:00 PM,4,F,,80,Y,Y,Y,Katie,,
,9/9/2017,7:00 PM,10,F,,70,Y,Y,Y,Katie,,
,9/9/2017,5:00 PM,4,F,,50,Y,Y,Y,Katie,,
,9/9/2017,3:00 PM,6,F,,75,Y,Y,Y,Emily,,
,9/7/2017,3:00 PM,6,W,60,100,Y,Y,Y,Cordelia ,Gave extra time beucase room is dark and black box Wasnt opening,
,9/6/2017,3:00 PM,7,F,,70,Y,Y,Y,Katie,,
,9/5/2017,9:00 PM,4,F,,75,Y,Y,N,Emily,,
,9/3/2017,9:00 PM,7,F,,70,Y,Y,Y,Katie,,
,9/3/2017,7:00 PM,3,F,,50,Y,Y,Y,Katie,Paid For 4 brought 3,
,9/3/2017,5:00 PM,5,F,,65,Y,Y,Y,Katie,Paid For 7 brought 5 - given tWo vouchers,
,9/2/2017,5:00 PM,9,F,,85,N,N,N,Katie/Hanna,Had a terrible experience due to the heat in the room. 3 adults almost passed out. Said they Were going to report us to the health department and get us shut doWn until it's Fixed.,
,9/1/2017,9:00 PM,6,F,,60,Y,Y,N,Cordelia,,
,9/1/2017,5:00 PM,5,W,50,100,Y,Y,Y,Cordelia,,
,8/31/2017,9:00 PM,4,F,,70,Y,,,Cordelia,,
,8/31/2017,7:00 PM,6,F,,60,Y,Y,Y,Cordelia ,,
,8/31/2017,5:00 PM,4,F,,65,Y,Y,Y,Emily/Cordelia,,
,8/30/2017,9:00 PM,6,F,,,,,,Emily,,
,8/29/2017,9:00 PM,4,F,,75,Y,Y,Y,Emily,Complained about it being too Warm ,
,8/29/2017,5:00 PM,4,F,,80,Y,Y,Y,Cordelia/Emily,"Were very hot, said they Were going to mention it in online revieW",
,8/29/2017,1:00 PM,5,F,,75,Y,Y,Y,Cordelia,,
,8/27/2017,11:00 AM,7,W,54,100,Y,Y,Y,Emily,"Started late. The circuit box hasnt been popping open When the clock puzzle is completed, so Ive been asking them to check When i hear the unlock noise",
,8/26/2016,9:00 PM,10,F,,85,Y,Y,Y,Katie,Very hot,
,8/25/2017,12:00 PM,9,W,45,100,Y,Y,Y,Cordelia ,Still hot,
,8/24/2017,9:00 PM,4,F,,99,Y,Y,N,Hanna,,
,8/24/2017,3:00 PM,11,F,48,99,Y,Y,N,Emily,BleW up at bomb.  Reset so they could Finish ,
,8/23/2017,5:00 PM,10,,,,,,,Katie,,
,823/2017,3:00 PM,4,F,,,Y,Y,Y,Katie,,
,8/32/2017,1:00 PM,11,F,,80,Y,Y,Y,Katie,Complained about the heat - AC guy came in and Wasn't able to Fix anything,
,8/22/2017,5:00 PM,8,F,,75,Y,Y,Y,Cordelia/Emily,,
,8/20/2017,9:00 PM,5,F,,80,Y,Y,Y,Katie,Booked For Bio in tWo Weeks!,
,8/20/2017,7:00 PM,6,F,,100,Y,Y,Y,Katie,,
,8/20/2017,5:00 PM,4,W,49,100,Y,Y,Y,Katie,,
,8/19/2017,9:00 PM,7,F,,99,Y,Y,Y,Emily,a lot oF groups think they need the brain map document ,
,8/19/2017,7:00 PM,10,F,,90,Y,Y,Y,Cordelia/Emily,Really Fanning themselves since its so Warm in there,
,8/19/2017,5:00 PM,6,F,,65,Y,Y,Y,Cordelia/Emily,,
,8/19/2018,3:00 PM,4,F,,75,Y,Y,Y,Hanna/Cordelia,Really liked the room! ,
,8/18/2017,9:00 PM,4,F,,80,Y,Y,Y,Cordelia ,"BleW up at bomb, also room really hot, AC still not Fixed",
,8/17/2017,9:00 PM,5,F,,95,Y,Y,Y,Emily,,
,8/15/2017,9:00 PM,6,F,,,Y,Y,Y,Katie,Stared late,
,8/13/2017,7:00 PM,5,W,60,100,Y,Y,N,Cordelia ,Gave them 1 extra minute to Finish becuase they Were so close,
,8/13/2017,5:00 PM,11,F,,95,Y,Y,Y,Cordelia ,,
,8/12/2017,9:00 PM,7,,,,,,,Emily,,
,8/12/2017,7:00 PM,5,,,,,,,Emily,,
,8/12/2017,5:00 PM,4,,,,,,,Emily,,
,8/11/2017,9:00 PM,5,W,50,100,Y,Y,Y,Cordelia ,"OFFered Free screening, didn't Want it",
,8/11/2017,7:00 PM,4,F,,75,Y,Y,Y,Cordelia ,Store credit people,
,8/11/2017,5:00 PM,8,W,55,100,Y,Y,Y,Emily/Cordelia,"Room so hot they kept saFe door open, AC not Fixed",
,8/11/2017,3:00 PM,6,W,31,,Y,Y,Y,Emily,Google group,
,8/10/2017,1:00 PM,6,F,,85,Y,Y,N,Emily,,
,8/9/2017,9:00 PM,7,F,,60,Y,Y,Y,Katie,,
,8/9/2017,5:00 PM,5,W,55,100,Y,Y,Y,Cordelia/Katie,,
,8/9/2017,3:00 PM,4,F,,65,Y,Y,Y,Cordelia,"Didn't get the door With the chain open, reFused most hints",
,8/9/2017,1:00 PM,4,F,,70,Y,Y,Y,Cordelia,,
,8/8/2017,7:00 PM,4,,,,,,,,,
,8/8/2017,5:00 PM,4,F,,95,Y,Y,N,Cordelia/Hanna,,
,8/8/2017,3:00 PM,8,W,37,100,Y,Y,Y,Cordelia,They did not use any hints! AC not Working,
,8/6/2017,1:00 PM,9,F,,99,Y,Y,Y,Katie,"Arrived late, given Full time (because Why not) ",
,8/6/2017,11:00 AM,10,F,,95,Y,Y,Y,Katie,"Booked For Bio-hazard, sWitched to Bourne",
,8/5/2017,9:00 PM,4,F,,70,Y,Y,Y,Katie,AC not Working,
,8/5/2017,7:00 PM,6,F,,100,Y,Y,Y,Katie,"BleW up on bomb, AC not Working",
,8/5/2017,5:00 PM,11,W,35,100,Y,Y,Y,Katie,Group oF 21 people (in both rooms),
,8/5/2017,3:00 PM,4,F,,90,Y,Y,Y,Cordelia ,AC not Working,
,8/5/2017,1:00 PM,8,W,55,100,Y,Y,Y,Cordelia ,"AC not Working, bleW up bomb by accident I reset it For them ",
,8/4/2017,9:00 PM,6,F,,85,Y,Y,Y,Katie,"AC not Working very Well, Fan turned up as high as it can and temperature as cold as it can go - still incredibly hot",
,8/3/2017,7:00 PM,7,W,59,100,Y,Y,Y,Emily,One person recommended a space station theme :D,
,8/2/2017,7:00 PM,6,F,,75,Y,Y,Y,Cordelia ,"Bday, had trouble With algerbraic puzzle, paid cash",
,8/1/2017,7:00 PM,9,F,,95,Y,Y,Y,Emily,,
,8/1/2017,5:00 PM,5,F,,85,Y,Y,Y,Katie/Emily,Late - arrived 3:30 and rescheduled to 5:00,
,8/1/2017,12:00 PM,9,F,,95,Y,Y,Y,Katie/Ben,Corporate group - bleW up at bomb,
,7/30/2017,5:00 PM,5,W,58,100,Y,Y,Y,Katie,,
,7/30/2017,3:00 PM,8,F,,90 ,Y,Y,Y,Emily,,
,7/29/2017,7:00 PM,7,W,57,100,Y,Y,Y,Katie/Cordelia,,
,7/29/2017,5:00 PM,5,F,,80,Y,Y,Y,Katie/Cordelia,,
,7/29/2017,3:00 PM,7,F,,80,Y,?,Y,Katie/Emily,,
,7/28/2017,6:00 PM,11,W,50,100,Y,Y,Y,Emily,,
,7/28/2017,1:00 PM,7,F,,85,Y,Y,Y,Cordelia ,,
,7/27/2017,1:00 PM,7,W,47,100,Y,Y,Y,Cordelia ,,
,7/26/2017,1:00 PM,9,F,50,85,Y,Y,Y,Emily,DeFused bomb incorrectly,
,7/23/2017,3:00 PM,10,F,,85,Y,Y,Y,Katie,,
,7/22/2017,7:00 PM,7,F,,95,Y,Y,Y,Hanna,Loved it so much that tey Want to ply the 9:00 PM Bournes Which means I get to stay until 11 instead oF 8:30! lets hope they tip,
,7/22/2017,1:00 PM,8,F,,90,Y,Y,Y,Katie,Started late,
,7/21/2017,3:00 PM,7,F,,95,Y,Y,Y,Cordelia,,
,7/18/2017,9:00 PM,6,W,59,100,Y,Y,N,Hanna,,
,7/18/2017,3:00 PM,3,F,,70,Y,Y,Y,Emily,,
,7/16/2017,3:00 PM,6,,,,,,,Cordelia/Ben,,
,7/16/2017,11:00 AM,7,W,47,100,Y,Y,Y,Cordelia,,
,7/15/2017,7:00 PM,8,W,50,100,Y,Y,Y,Emily,,
,7/14/2017,9:00 PM,6,,,,,,,Cordelia,,
,7/14/2017,7:00 PM,5,F,,70,y,y,y,Cordelia,,
,7/13/2017,3:00 PM,5,W,59:59:00,100,Y,Y,,Cordelia,,
,7/12/2017,9:00 PM,3,F,,85,Y,Y,Y,Cordelia,,
,7/12/2017,1:00 PM,5,F,,,Y,Y,Y,Emily,Opened door right at beginning oF game,
,7/9/2017,5:00 PM,4,F,,50,Y,Y,Y,Emily/Hanna,,
,7/8/2017,5:00 PM,4,W,57,100,Y,Y,Y,Emily/Hanna,Got key out oF maze at very bottom middle,
,7/8/2017,11:00 AM,5,W,58,100,Y,Y,Y,Cordelia ,,
,7/7/2017,9:00 PM,9,W,59:50:00,100,Y,Y,Y,Cordelia,,
,7/2/2017,3:00 PM,5,F,,95,Y,Y,N,Katie,,
,7/2/2017,1:00 PM,9,F,,75,Y,Y,Y,Katie,Completed 90 When given 5 extra minutes,
,7/1/2017,9:00 PM,3,F,,75,Y,Y,Y,Katie,,
,7/1/2017,7:00 PM,5,F,,90,Y,Y,Y,Katie,,
,7/1/2017,11:00 AM,4,F,,80,Y,Y,Y,Cordelia ,,
,6/30/2017,5:00 PM,5,W,49,100,Y,Y,Y,Ben/Katie,,
,6/29/2017,3:00 PM,4,W,48,100,Y,Y,Y,Cordelia,,
,6/28/2017,9:00 PM,4,,,,,,,Emily,,
,6/28/2017,7:00 PM,9,,,,,,,Emily,,
,6/24/2017,9:00 PM,4,F,58,85,Y,Y,,Emily/Cordelia,Bomb bleW up,
,6/24/2017,7:00 PM,6,W,41,100,Y!!,Y,Y,Emily/Cordelia,,
,6/24/2017,5:00 PM,4,F,,70,Y,Y,Y,Cordelia/Hanna/Emily,,
,6/24.2017,3:00 PM,4,F,,85,Y,Y,Y,Hanna/Cordelia,,
,6/24/2017,1:00 PM,5,W,59,100,Y,Y,N,Hanna,It Was Five 11 year olds. Just thought I Would share hoW cool it as to Watch Five 11 year olds escape our hardest room. So impressed. ,
,6/23/2017,9:00 PM,5,F,,100,Y,Y,Y,Hanna,,
,6/23/2017,1:00 PM,5,F,,75,Y,Y,Y,Katie,Pushed bookcase open - got key Without the rotary phone,
,6/22/2017,3:00 PM,12,F,46,85,Y,Y,Y,Emily,"Got excited and deFused bomb incorrectly, I reset bomb and they Finished ",
,6/21/2017,7:00 PM,6,W,53,100,Y,Y,Y,Emily,,
,6/21/2017,3:00 PM,5,,,75,Y,Y,Y,Cordelia ,,
,6/20/2017,1:00 PM,6,F,,50,Y,Y,,Katie/Cordelia,,
,6/18/2017,7:00 PM,9,W,58,100,Y,Y,Y,Emily/Cordelia,,
,6/18/2017,5:00 PM,5,F,,75,Y,Y,Y,Emily/Cordelia,,
,6/17/2017,9:00 PM,5,W,52,100,Y,Y,Y,Hannah/Emily,,
,6/17/2017,7:00 PM,9,W,59,100,Y,Y,Y,Hanna/Emily,,
,6/17/2017,5:00 PM,10,F,,80,Y,Y,Y,Hanna/Emily,,
,6/17/2017,3:00 PM,8,W,45,100,Y,Y,,Ben/Cordelia,,
,6/17/2017,1:00 PM,5,W,45,100,Y,Y,Y,Ben,,
,6/16/2017,9:00 PM,10,F,,100,Y,Y,Y,Katie,"Died at bomb, one guest Was rough With the room several times (even When asked not to) and damaged periscope, also took timer oFF the Wall.",
,6/16/2017,7:00 PM,7,F,,90,Y,Y,Y,Katie/Cordelia,,
,6/13/2017,9:00 PM,3,F,,50,Y,Y,N,Hanna,,
,6/13/2017,7:00 PM,5,F,,55,Y,Y,N,Hanna,,
,6/11/2017,9:00 PM,4,F,,45,Y,Y,N,Hanna,,
,6/11/2017,5:00 PM,4,F,,55,Y,Y,N,Hanna,,
,6/11/2017,3:00 PM,8,F,,80,Y,Y,N,Katie,,
,6/10/2017,9:00 PM,12,F,,99,Y,Y,Y,Hanna,,
,6/10/2017,7:00 PM,12,W,55,100,Y,Y,Y,Hanna,,
,6/10/2017,5:00 PM,11,F,,55,Y,Y,N,Katie/Hanna,,
,6/9/2017,9:00 PM,9,W,54,100,Y,Y,Y,Katie,"Started late - Fixing handle on circut box, paid For one extra at door",
,6/9/2017,7:00 PM,10,F,,100,Y,Y,N,Katie,Died at bomb,
,6/6/2017,7:00 PM,12,F,,70,Y,Y,N,Katie,Computer malFunictioning: keyboard not Working properly,
,6/6/2017,4:30 PM,2,F,,50,Y,Y,Y,Jack/Katie,"Walk-in group, paid at door",
,6/4/2017,3:00 PM,5,W,52,100,Y,Y,Y,Katie,"Computer still oFF, button not accessible through holes on side oF panel",
,6/4/2017,1:00 PM,9,F,,100,Y,Y,Y,Katie,"Computer shut oFF during game, When I Went to reset it, the poWer button Was not accessible through the holes on the side oF the panel. Died at bomb, they used the colors From the bookshelF instead oF the evacuation route.",
,6/3/2017,9:00 PM,6,F,,90,Y,Y,Y,Jack,,
,5/31/2017,1:00 PM,11,F,,85,Y,Y,N,Katie,,
,5/28/2017,3:00 PM,4,F,,10,?,N,N,Jack,"IF a team is really stuck, maybe help them a bit more. The goal is each team can reach to at least 50. 10 is too less","IF a team is really stuck, maybe help them a bit more. The gole is each team can reach to at least 50. 10 is too less"
,5/27/2017,3:00 PM,4,F,,50,Y,Y,Y,Ben,,
,5/26/2017,9:00 PM,5,W,59,100,Y,Y,Y,Katie,,
,5/56/2017,5:00 PM,11,F,,60,Y,Y,Y,Katie,,
,5/24/2017,9:00 PM,4,F,,50,Y,M,Y,Jack,Think the Flashing light in main room is out,
,5/24/2017,7:00 PM,7,F,,80,Y,Y,N,Jack,,
,5/23/2017,7:00 PM,6,W,53,100,Y,Y,N,Jack,,
,5/21/2017,3:00 PM,4,F,,50,Y,Y,Y,Katie,,
,5/20/2017,7:00 PM,4,F,,40,Y,Y,Y,Jack,,
,5/20/2017,5:00 PM,9,W,45,100,Y,Y,Y,Jack,Computer turned oFF tWice during game,
,5/19/2017,7:00 PM,4,F,,60,Y,Y,Y,Katie,,
,5/14/2017,5:00 PM,4,F,,,,Y,,Katie/Jack,Paid at door,
,5/14/2017,3:00 PM,6,F,,50,Y,Y,Y,Hanna,,
,5/14/2017,1:00 PM,3,F,,75,Y,Y,Y,Hanna,,
,5/14/2017,11:00 AM,4,F,,85,Y,Y,N,Hanna,"Radio very hard to hear, light in strategy room Flickering badly, light in corner box that has the Word ""PRAY"" in it is out as Well",is the light Fixed?
,5/13/2017,9:00 PM,9,F,,90,Y,Y,Y,Jack,Computer screen turned black again- really need to Fix that,Can someone check the sleep duration For the computer? Should change it to never sleep
,5/13/2017,7:00 PM,3,F,,50,Y,,N,Jack,,
,5/13/2017,5:00 PM,7,F,,50,Y,Y,Y,Katie/Jack,,
,5/13/2017,3:00 PM,6,F,,80,Y,,Y,Hanna,,
,5/13/2017,11:00 AM,5,F,,25,Y,,N,Hanna,,
,5/11/2017,7:00 PM,14,W,59,100,Y,,Y,Jack,"Radio Wasnt Working? - message all staticy, hard to hear",
,5/9/2017,7:00 AM,9,F,,70,Y,,N,Ben,,
,5/7/2017,5:00 PM,5,F,,85,Y,,Y,Katie/Hanna,,
,5/7/2017,3:00 PM,7,F,,45,Y,,N,Katie,"Arrived late, given 50 minutes",
,5/7/2017,11:00 AM,2,F,,100,Y,,Y,Katie,Died at bomb,
,5/6/2017,9:00 PM,4,F,,45,Y,,Y,Hanna,,
,5/6/2017,7:00 PM,4,F,,40,Y,,Y,Hanna,,
,5/6/2017,5:00 PM,9,F,,99,Y,,N,Katie/Hanna,,
,5/6/2017,3:00 PM,12,W,59,100,Y/N,,Y,Katie,Were very upset that our Website says Wheelchair accessible and our location actually isn't. They had to leave the guy Who organised it in the car. They had so much Fun though and Were really happy about the game,Thanks FFor the notes. We have updated that our Redmond ocation is Wheelchair accessible. Not Seattle
,5/6/2017,1:00 PM,5,F,,70,Y,,Y,Katie,,
,5/5/2017,7:00 PM,9,F,,80,Y,,Y,Ryan,,
,5/3/2017,3:00 PM,6,F,,90,Y,,Y,Jack,One magnetic tangram piece missing,
,5/2/2017,1:00 PM,7,F,,50,Y,,Y,Jack,,
,4/30/2017,7:00 PM,6,W,58,100,Y,,Y,Hanna,,
,4/29/2017,9:00 PM,6,F,,85,Y,,Y,Hanna,,
,4/29/2017,7:00 PM,2,F,,60,Y,,Y,Hanna,Really Wanted to play as tWo players so they bought 4 tickets and Went in as a pair,
,4/29/2017,5:00 PM,5,F,,30,Y,,Y,Hanna,,
,4/29/2017,3:00 PM,5,F,,90,Y,,Y,Jack,,
,4/29/2017,1:00 PM,6,F,,70,Y,,Y,Jack,,
,4/28/2017,9:00 PM,7,F,,65,Y,,N,Ryan,,
,4/28/2017,4:00 PM,4,F,,60,Y,,Y,Jack,"Walk-in, paid For one ticket W/ cash",
,4/27/2017,7:00 PM,5,W,56,100,Y,,Y,Ryan,"The 4-key system triggered With only 2 keys in the reciever, alloWing them to ""Win"" early",
,4/25/2017,5:00 PM,9,W,56,100,Y,,N,Hanna,,
,4/23/2017,7:00 PM,8,F,,80,Y,,Y,Ryan,,
,4/23/2017,5:00 PM,6,,,,,,,Ryan,No ShoW,
,4/23/2017,1:00 PM,7,F,,95,Y,,Y,Jack,Bookcase opened Without phone,
,4/22/2017,9:00 PM,11,F,,75,Y,,Y,Ryan,,
,4/22/2017,7:00 PM,14,W,44,100,Y,,Y,Hanna,,
,4/22/2017,5:00 PM,4,F,,50,Y,,Y,Hanna,,
,4/22/2017,11:00 AM,10,W,56,100,Y,,Y,Jack,,
,4/212/2017,9:00 PM,6,F,,65,Y,,Y,Katie,,
,4/21/2017,7:00 PM,8,F,,70,Y,,Y,Katie,,
,4/20/2017,3:00 PM,3,W,60,100,Y,,Y,Jack,"Originally reserved For Bio, oFFered to play Bourne W/ 3 ppl; periscope broken",
,4/19/2017,1:00 PM,12,F,,99,Y,,Y,Katie,"ATT Group game, paid at door, ten seconds From Winning",
,4/15/2017,9:00 PM,4,F,,60,Y,,Y,Katie,,
,4/15/2017,7:00 PM,6,F,,100,Y,,Y,Katie,Died at bomb,
,4/15/2017,5:00 PM,7,F,,50,Y,,Y,Katie,,
,4/15/2017,3:00 PM,6,F,,100,Y,,Y,Katie,Died at the bomb halF an hour in,
,4/15/2017,1:00 PM,11,F,,60,Y,,Y,Jack,DoorFrame came loose again,
,4/14/2017,7:00 PM,7,F,,75,Y,,Y,Katie,,
,4/14/2017,5:00 PM,4,F,,95,Y,,Y,Katie,,
,4/14/2017,1:00 PM,10,W,52,100,Y,,Y,Jack,,
,4/13/2017,5:00 PM,8,F,,60,Y,,Y,Jack,Computer Went black- already set up to never sleep,
,4/13/2017,3:00 PM,6,F,,40,Y,,Y,Jack,Paid For 4 With cash,
,4/12/2017,3:00 PM,8,W,48,100,Y,,Y,Ryan,The keys Failed When trying to escape through exit door,Do you knoW Why? Is the battery gone out?
,4/9/2017,5:00 PM,4,F,,70,Y,,Y,Jack,Computer screen Went black,Can We set the computer screen never sleep
,4/8/2017,9:00 PM,8,F,,60,Y,,Y,Ryan,,
,4/7/2017,9:00 PM,8,F,,70,N,,Y,Ryan,Escape rooms aren't For everyone :/,
,4/7/2017,7:00 PM,10,W,48,100,Y,,Y,Ryan,,
,4/7/2017,3:00 PM,3,F,,50,Y,,Y,Jack,"Originally reserved Bio; aFter shoWing up W/ only 3, oFFered them to play Bourne instead",
,4/6/2017,3:00 PM,9,F,,70,Y,,Y,Ryan,,
,4/5/2017,5:00 PM,5,F,,60,Y,,Y,Katie,,
,4/5/2017,1:00 PM,6,F,,80,Y,,N,Jack,Computer Went black again; didn't Want picture,
,4/4/2017,9:00 PM,4,F,,85,Y,,Y,Ryan,They said this is their Favorite escape room yet,
,4/4/2017,7:00 PM,4,F,,50,Y,,Y,Ryan,,
,4/4/2017,3:00 PM,5,F,,80,Y,,Y,Jack,,
,4/2/2017,3:00 PM,6,W,46,100,Y,,Y,Jack,,
,4/2/2017,1:00 PM,6,F,,50,Y,,Y,Jack,,
,4/1/2017,9:00 PM,7,F,,60,Y,,Y,Jack,,
,4/1/2017,7:00 PM,8,F,,80,Y,,N,Jack,Failed on bomb; didn't Want picture,
,4/1/2017,5:00 PM,8,F,,90,Y,,Y,Jack,,
,4/1/2017,3:00 PM,8,W,49,100,Y,,N,Katie,"Four arrived late, paid at door",
,4/1/2017,1:00 PM,7,F,,95,Y,,Y,Katie,Paid at door,
,3/31/2017,7:00 PM,8,F,,50,Y,,Y,Ryan,,
,3/30/2017,7:00 PM,6,F,,90,Y,,Y,Ryan,Died at last puzzle,
,3/30/2017,2:00 PM,7,W,43,100,Y,,Y,Ryan,team deposit subtracted From the total,
,3/29/2017,9:00 PM,4,F,,90,Y,,Y,Katie,,
,3/28/2017,3:00 PM,4,W,59,100,Y,,Y,Jack,Forgot to lock vent at start,
,3/26/2017,9:00 PM,8,F,,90,Y,,Y,Ryan,,
,3/26/2017,5:00 PM,8,W,43,100,Y,,Y,Ryan,,
,3/26/2017,1:00 PM,2,F,,99,Y,,N,Katie,Would have beat it in another ten seconds,
,3/25/2017,9:00 PM,9,F,,75,Y,,Y,Ryan,,
,3/25/2017,7:00 PM,7,F,,90,Y,,Y,Ryan,"pulled incorrect Wires, also out oF time",
,3/25/2017,3:00 PM,6,F,,75,Y,,Y,Jack,Box on Wall does not open ,
,3/25/2017,1:00 PM,6,F,,90,Y,,N,Jack,,
,3/25/2017,11:00 AM,8,F,,90,Y,,Y,Jack,Failed on bomb; Computer turned oFF halFWay through game,
,3/24/2017,2:00 PM,11,W,59,100,Y,,Y,Jack,keyboard For computer Wasn't Working- gave them extra time,
,3/23/2017,3:00 PM,2,F,,70,Y,,Y,Jack,,
,3/22/2017,5:00 PM,4,F,,30,Y,,N,Jack,Didn't Want photo,
,3/22/2017,3:00 PM,6,W,42,100,Y,,Y,Ryan,"OWners oF the escape rooms Locurio and Epic Team Adventures played, bookshelF not Working properly",
,3/21/2017,1:00 PM,2,W,53,100,Y,,N,Jack,Didn't Want photo,
,3/21/2017,11:00 AM,9,F,,90,Y,,Y,Ryan,Team Game,
,3/19/2017,7:00 PM,7,W,52,100,Y,,Y,Ryan,Drop In,
,3/18/2-17,9:00 PM,6,F,,50,Y,,Y,Jack,,
,3/18/2017,7:00 PM,10,F,,85,Y,,Y,Jack,,
,3/18/2017,5:00 PM,10,F,,80,Y,,Y,Jack,,
,3/18/2017,3:00 PM,10,F,,50,Y,,Y,Ryan,,
,3/18/2017,1:00 PM,4,F,,90,Y,,Y,Ryan,Broke the box in ceiling corner oF OFFicer Quarters. Taped over and replaced do not move sticker. Fixed noW,
,3/17/2017,9:00 PM,8,W,53,100,Y,,Y,Ryan,computer Freaking out? shut doWn but not shut doWn? unsure,
,3/17/2017,7:00 PM,4,F,,45,Y,,Y,Ryan,,
,3/15/2017,3:00 PM,4,F,,50,Y,,Y,Jack,,
,3/15/2017,7:00 PM,4,F,,100,Y,,Y,Katie,,
,3/14/2017,7:00 PM,6,F,,90,Y,,Y,Ryan,,
,3/14/2017,5:00 PM,6,F,,90,Y,,N,Jack,Requested no picture,
,3/14/2017,3:00 PM,8,F,,95,Y,,Y,Jack,Failed on bomb,
,3/14/2017,1:00 PM,6,F,,95,Y,,Y,Jack,Failed on bomb,
,3/12/2017,9:00 PM,4,W,56,100,Y,,Y,Ryan,,
,3/12/2017,7:00 PM,4,F,,90,Y,,Y,Ryan,,
,3/12/2017,5:00 PM,4,W,50,100,Y,,Y,Ryan,"Blogger Team, Were unable to play biohazard as the Faucet completely broke",
,3/12/2017,1:00 PM,8,F,,70,Y,,Y,Jack,,
,3/12/2017,11:00 AM,5,F,,80,Y,,Y,Jack,,
,3/11/2017,7:00 PM,10,F,,80,Y,,Y,Jack,,
,3/11/2017,5:00 PM,8,F,,80,Y,,Y,Ryan,,
,3/11/2017,3:00 PM,6,F,,75,Y,,Y,Katie,Paid at the door,
,3/10/2017,7:00 PM,10,F,,100,Y,,Y,Katie,,
,3/4/2017,3:00 PM,12,F,,100,Y,,Y,Katie,"100th game, Failed at the bomb",
,2/28/2017,2:00 PM,12,W,38,100,Y,,Y,Jack,"Google corporate group- set record! When I charged them, there Was no option to charge $22 For each ticket- charged under Ancient Egypt (23 tickets) [RESOLVED]",
,2/26/2017,7:00 PM,6,W,51,100,Y,,N,Jack/Ryan,,
,2/26/2017,3:00 PM,7,W,58,100,Y,,Y,Jack,,
,2/26/2017,11:00 AM,3,W,58,100,Y,,Y,Ryan,,
,2/235/2017,7:00 PM,12,F,,95,Y,,Y,Katie,,
,2/25/2017,5:00 PM,6,F,,95,Y,,Y,Katie,,
,2/25/2017,3:00 PM,6,F,,100,Y,,Y,Katie,"Died at the bomb, thought the route number Was too simple to be the solution",
,2/25/2017,1:00 PM,6,F,,80,Y,,Y,Ryan,,
,2/24/2017,5:00 PM,7,F,,60,Y,,,Katie,,
,2/24/2017,1:00 PM,10,F,,95,Y,,Y,Jack,"Would have Won, but diFFused bomb incorrectly",
,2/21/2017,7:00 PM,13,F,,85,Y,,Y,,,
,2/19/2017,9:00 PM,4,F,,85,Y,,Y,,"Had some trouble With the phone, but it Worked aFter redialing.",
,2.19.2017,5:00 PM,7,F,,75,Y,,Y,,,
,2/19/17,3:00 PM,11,F,,75,Y,,Y,,Phone number didnt Work again. cant replicate bug,
,2/19/17,1:00 PM,9,F,,90,Y,,Y,,Said phone number aFter adding 8 didn't Work- tested aFter game and Found it Working Fine,
,2/19/17,11:00 AM,10,F,,50,Y,,Y,,,
,2/18/2017,9:00 PM,6,W,57,100,Y,,Y,,,
,2/18/2017,7:00 PM,7,F,,50,Y,,Y,,The phone didn't tell them to add 8? LeFt a 2 star revieWs instead,
,2/18/2017,5:00 PM,7,F,,60,Y,,Y,,,
,2/18/2017,1:00 PM,8,F,,85,Y,,Y,,,
,2/17/2017,7:00 PM,5,F,,40,Y,,Y,,,
,2/16/2017,3:00 PM,10,F,,40,Y,,,,,
,2/15/2017,9:00 PM,8,F,,50,Y,,Y,,,
,2/14/2017,9:00 PM,4,F,,25,N,,Y,,,
,2/12/2017,5:00 PM,13,F,,50,Y,,Y,,"Paid at door, 1 bday",
,2/12/2017,3:00 PM,7,F,,50,Y,,Y,,,
,2/12/2017,1:00 PM,6,W,46,100,Y,,Y,,,
,2/11/2017,9:00 PM,2,F,,60,Y,,,,"Paid at the door, intercom malFunctioning",
,2/11/2017,7:00 PM,4,F,,50,Y,,N,,Working brieFcase,
,2/11/2017,5:00 PM,4,F,,70,Y,,Y,,"Paid at the door, brieFcase malFunctioning",
,2/11/2017,3:00 PM,8,F,,95,Y,,Y,,"Four oF Eight paid at the door, brieFcase malFunctioning",
,2/11/2017,1:00 PM,6,F,,70,Y,,Y,,,
,2/10/2017,9:00 PM,6,F,,95,Y,,Y,,Paid at the door,
,2/10/2017,7:00 PM,12,W,55,100,Y,,Y,,"Paid For tWo extras at door, brieFcase not Working",
,2/10/2017,1:00 PM,5,F,,60,Y,,Y,,,
,2/8/2017,9:00 PM,8,F,,95,Y,,Y,,BrieFcase malFunctioning,
,2/8/2017,7:00 PM,5,F,,95,Y,,Y,,Would have Won iF everything Was Working,
,2/8/2017,1:00 PM,4,F,,40,Y,,Y,,,
,2/7/2017,7:00 PM,8,F,,50,Y,,Y,,computer keeps going into poWer saving mode,
,2/7/2017,1:00 PM,6,F,,95,Y,,N,,didn't Want group photo,
,2/5/2017,9:00 PM,5,F,,100,Y,,Y,,"Exploded' at bomb, Would have Finished in time iF deFused correctly",
,2/5/2017,1:00 PM,5,F,,50,Y,,N,,,
,2/5/2017,11:00 AM,4,"W
",,100,Y,,Y,,"thought the room Was easy
",
,2/4/2017,9:00 PM,8,F,,75,Y,,Y,,Arrived 10 minutes late,
,2/4/2017,7:00 PM,4,F,,50,Y,,N,,,
,2/4/2017,5:00 PM,6,F,,40,Y,,Y,,,
,2/4/2017,3:00 PM,6,F,,50,Y,,Y,,,
,2/4/2017,1:00 PM,6,F,,95,Y,,Y,,,
,2/3/2017,9:00 PM,6,F,,95,Y,,Y,,"Arrived FiFteen minutes late, given 50 minutes to complete room, Would have Finished in time iF they shoWed up on time",
,2/3/2017,1:00 PM,12,F,,90,Y,,Y,,,
,1/29/2017,9:00 PM,4,F,,80,Y,,Y,,Complained about not being able to understand me over the intercom,
,1/29/2017,7:00 PM,6,W,57,100,Y,,Y,,,
,1/29/2017,5:00 PM,4,F,,50,Y,,Y,,Misplaced padlock leading to bomb room; replaced,
,1/29/2017,3:00 PM,4,F,,70,Y,,Y,,,
,1/29/2017,1:00 PM,8,F,,50,Y,,Y,,,
,1/29/2017,11:00 AM,5,F,,50,Y,,Y,,USB removed From projector,
,1/28/2017,9:00 PM,4,F,,50,Y,,Y,,Computer Went to sleep halFWay through,
,1/28/2017,7:00 PM,4,F,,70,Y,,Y,,"Started at 7:10, TWo experienced players",
,1/28/2017,5:00 PM,5,F,,60,Y,,Y,,,
,1/28/2017,3:00 PM,10,F,,90,Y,,Y,,Won When given an extra ten minutes,
,1/28/2017,1:00 PM,4,F,,75,Y,,Y,,,
,1/26/2017,5:00 PM,4,F,,40,N,,Y,,,
,1/22/2017,5:00 PM,10,W,43,100,Y,,Y,,,
,1/21/2017,9:00 PM,8,F,,90,Y,,Y,,,
,1/21/2017,7:00 PM,6,F,,70,Y,,Y,,All experienced escape room players,
,1/21/2017,5:00 PM,4,F,,60,Y,,Y,,Paid at door,
,1/2012017,9:00 PM,5,F,,50,Y,,Y,,,
,1/20/2017,7:00 PM,4,F,,60,Y,,Y,,"Birthday discount, used no hints",
,1/15/2017,9:00 PM,5,F,,90,Y,,Y,,,
,1/15/2017,5:00 PM,8,F,,75,Y,,Y,,,
,1/13/2017,9:00 PM,8,F,,90,Y,,Y,,birthday discount,
,1/12/2017,3:00 PM,8,F,,80,N,,,,3 no shoWs,
,1/7/2017,9:00 PM,4,F,,75,Y,,Y,,implemented neW hint With dials/clocks,
,1/7/2017,7:00 PM,6,F,,85,Y,,Y,,,
,1/7/2017,3:00 PM,6,F,,50,Y,,Y,,,
,1/7/2017,1:00 PM,6,W,58,100,Y,,Y,,tWo no shoWs,
,1/6/2017,9:00 PM,12,F,,60,Y,,Y,,,
,1/5/2017,7:00 PM,4,W,58,100,Y,,Y,,exit door Failed,
,1/3/2017,7:00 PM,7,W,59,100,Y,,Y,,"UknoWn email address, 7 tickets charged aFter game, exit door Failed",
,1/3/2017,1:00 PM,4,F,,50,Y,,Y,,10 Flashing lights box Failed,
,1/1/2017,7:00 PM,8,F,,90,Y,,Y,,"radio broke, they died on the bomb. Would have escaped Within 60 minutes iF not For the bomb",
,1/1/2017,5:00 PM,6,F,,60,Y,,N,,Requested no pic,
,1/1/2017,1:00 PM,5,F,,60,Y,,Y,,Flashing lights box Failed,
,12/30/2016,9:00 PM,4,F,,70,Y,,Y,,,
,12/30/2016,7:00 PM,8,F,,45,Y,,Y,,computer Went into sleep mode? unsure hoW,
,12/30/2016,3:00 PM,6,F,,75,Y,,Y,,team Was late,
,12/30/2016,1:00 PM,5,F,,70,Y,,N,,Requested no pic,
,12/29/2016,7:00 PM,5,F,,85,Y,,Y,,Were on last puzzle beFore laser room,
,12/29/2016,5:00 PM,7,F,,25,Y,,Y,,Charged For tWo more tickets at the door,
,12/29/2016,3:00 PM,5,F,,75,Y,,Y,,,
,12/29/2016,1:00 PM,4,F,,15,Y,,Y,,,
,12/28/2016,7:00 PM,11,F,,70,N,,N,,"Total disaster, inFrared not Working, lasers not Working, props damaged, 2 groups bought private games but had to merge together. Very angry customers, Full reFund issued",
,12/28/2016,11:00 AM,9,F,,70,Y,,Y,,InFrared Puzzle Broken Throughout Game,
,12/26/2016,5:00 PM,4,F,,60,Y,,Y,,Knobs/Clocks Puzzle Broken Throughout Game,
,12/26/2016,3:00 PM,4,F,,50,Y,,Y,,,
,12/26/2016,1:00 PM,9,F,,70,Y,,Y,,,
,12/23/2016,9:00 PM,5,F,,50,Y,,Y,,,
,12/23/2016,7:00 PM,5,F,,50,Y,,Y,,,
,12/23/2016,1:00 PM,7,F,,50,Y,,N,,,